category,section,subsection,title,link_url,link_status
Tripitaka (PDF),Buddha Jayanthi Pali & Sinhala Tripitaka,1. Vinayapitakaya | විනය පිටකය,SP_VP1_Parajika Pali – පාරාජිකා පාළි,https://mega.nz/file/365wxJCL#shEV45KNqOh5g_W01n-_4YsdZ_BUH14ftC95oWGvu8M,available
Tripitaka (PDF),Buddha Jayanthi Pali & Sinhala Tripitaka,1. Vinayapitakaya | විනය පිටකය,SP_VP2_Pachiththiya Pali 01 – පාචිත්තිය පාළි 01,https://mega.nz/file/GqhmHLRZ#AjL9BygyTpuiRRGWhi6isMBENlpl6Z9MDxhsgdd3yLo,available
Tripitaka (PDF),Buddha Jayanthi Pali & Sinhala Tripitaka,1. Vinayapitakaya | විනය පිටකය,SP_VP3_Pachiththiya Pali 02 – පාචිත්තිය පාළි 02,https://mega.nz/file/v24yBDDA#ncs0RvMTTKh-M5uE0LWqV_VoH8LS8F1nOsUQvEPyvMU,available
Tripitaka (PDF),Buddha Jayanthi Pali & Sinhala Tripitaka,1. Vinayapitakaya | විනය පිටකය,SP_VP4_Mahavagga Pali 01 – මහාවග්ග පාළි 01,https://mega.nz/file/yzgwFLyJ#-gPZGjecmR0AXCB6liHv_I17IYENBrO-MwIMrDwupGw,available
Tripitaka (PDF),Buddha Jayanthi Pali & Sinhala Tripitaka,1. Vinayapitakaya | විනය පිටකය,SP_VP5_Mahavagga Pali 02 – මහාවග්ග පාළි 02,https://mega.nz/file/6ipg3RCS#-_ufiJ6kAFa-g2WcoAmCj3DkGPA71VVJQuK9zosfiC8,available
Tripitaka (PDF),Buddha Jayanthi Pali & Sinhala Tripitaka,1. Vinayapitakaya | විනය පිටකය,SP_VP6_Chulavagga Pali 01 – චුල්ලවග්ග පාළි 01,https://mega.nz/file/7vwi2JZJ#MHkkast1CDA6mFhcJiVip3bJ8SZunT1tudF3mYSf4jI,available
Tripitaka (PDF),Buddha Jayanthi Pali & Sinhala Tripitaka,1. Vinayapitakaya | විනය පිටකය,SP_VP7_Chulavagga Pali 02 – චුල්ලවග්ග පාළි 02,https://mega.nz/file/SyxWxBrb#8XDp4L9FH913GgdnSfGE-GvVEaKKs9fr4od49rcIInA,available
Tripitaka (PDF),Buddha Jayanthi Pali & Sinhala Tripitaka,1. Vinayapitakaya | විනය පිටකය,SP_VP8_Parivara Pali 01 – පරිවාර පාළි 01,https://mega.nz/file/Ky5GADTD#MfQiqsorpGN1JG-A8ImgSCr2bL8QuZK4_4DCGN16l5s,available
Tripitaka (PDF),Buddha Jayanthi Pali & Sinhala Tripitaka,1. Vinayapitakaya | විනය පිටකය,SP_VP9_Parivara Pali 02 – පරිවාර පාළි 02,https://mega.nz/file/KrxWjTYb#bS8wGEWyuCf3TEyOcPzW0qJoOCrWPeApQWy--clJlO0,available
Tripitaka (PDF),Buddha Jayanthi Pali & Sinhala Tripitaka,Dīghanikāya,SP_DN1_Dighanikaya 01 – දීඝ නිකාය 01,https://mega.nz/file/inhEyZYJ#3HPpoJENqO4hagXXpwX9mue4lkxD8f_tM0TAMetowkk,available
Tripitaka (PDF),Buddha Jayanthi Pali & Sinhala Tripitaka,Dīghanikāya,SP_DN2_Dighanikaya 02 – දීඝ නිකාය 02,https://mega.nz/file/ej4yUZTa#oKnCrp2O-qCUEuWT2t3qg31XTROM_no7Pzhq3OAdBHk,available
Tripitaka (PDF),Buddha Jayanthi Pali & Sinhala Tripitaka,Dīghanikāya,SP_DN3_Dighanikaya 03 – දීඝ නිකාය 03,https://mega.nz/file/euogFbBB#Dsr3FQ7f8pWU2HKQmFpuzhfsdoaQKBPm8qMjWXKPLEQ,available
Tripitaka (PDF),Buddha Jayanthi Pali & Sinhala Tripitaka,Majjhimanikāya,SP_MN1_Majjhimanikaya 01 – මජ්ඣිම නිකාය 01,https://mega.nz/file/O2okDBaT#e8y3XcPFAzEsnJChmvVtRzVATiuC0kXXQqGi1ufliLY,available
Tripitaka (PDF),Buddha Jayanthi Pali & Sinhala Tripitaka,Majjhimanikāya,SP_MN2_Majjhimanikaya 02 – මජ්ඣිම නිකාය 02,https://mega.nz/file/2q5gXR5D#GqyNB-lqN7i9Xt8_h0n1wmgWOcn9soWyO76QSJuDz-g,available
Tripitaka (PDF),Buddha Jayanthi Pali & Sinhala Tripitaka,Majjhimanikāya,SP_MN3_Majjhimanikaya 03 – මජ්ඣිම නිකාය 03,https://mega.nz/file/qu5kFDDL#PKQgi8AMiD1lVlmCBsTxNbMQ6ke1SMO8Dk1ocojUsqk,available
Tripitaka (PDF),Buddha Jayanthi Pali & Sinhala Tripitaka,Saṃyuttanikāya,SP_SN1_Samyuttanikaya 01 – සංයුත්ත නිකාය 01,https://mega.nz/file/ruxyAbrC#4hvPw3HMR1SCtNIF2fKbjYYQhLuxSfR__kU-CkNXd8I,available
Tripitaka (PDF),Buddha Jayanthi Pali & Sinhala Tripitaka,Saṃyuttanikāya,SP_SN2_Samyuttanikaya 02 – සංයුත්ත නිකාය 02,https://mega.nz/file/ui52XZpI#zBZ5O01CVvvIORYjST1Q8z7yH0lbxsDnfMo2rV7r538,available
Tripitaka (PDF),Buddha Jayanthi Pali & Sinhala Tripitaka,Saṃyuttanikāya,SP_SN3_Samyuttanikaya 03 – සංයුත්ත නිකාය 03,https://mega.nz/file/bro0zbRD#sukczQqK7kcFHVkoOJetrxQgWpJo6O0VGfnITVlIv6c,available
Tripitaka (PDF),Buddha Jayanthi Pali & Sinhala Tripitaka,Saṃyuttanikāya,SP_SN4_Samyuttanikaya 04 – සංයුත්ත නිකාය 04,https://mega.nz/file/XroAjBiI#iddyydaI3AV24NITmkDzsQveFbJAPFuW6Fc82G4GKvA,available
Tripitaka (PDF),Buddha Jayanthi Pali & Sinhala Tripitaka,Saṃyuttanikāya,SP_SN5_Samyuttanikaya 05-1 – සංයුත්ත නිකාය 05-1,https://mega.nz/file/nn4ShL6B#fV4j3cvOrPqjqHvMwEnHnRbpUqpLhkIhLAVGBAg5cAw,available
Tripitaka (PDF),Buddha Jayanthi Pali & Sinhala Tripitaka,Saṃyuttanikāya,SP_SN6_Samyuttanikaya 05-2 – සංයුත්ත නිකාය 05-2,https://mega.nz/file/H7h0VTYB#0ayThhnXpqDt45MjhQscT_fJcHqZQVS-_1IbtsYg6gw,available
Tripitaka (PDF),Buddha Jayanthi Pali & Sinhala Tripitaka,Aṅguttaranikāya,SP_AN1_Anguttaranikaya 01 – අංගුත්තර නිකාය 01,https://mega.nz/file/ajxCCZQR#NETmmWZuTveNAIoiWd9gSXMDU4tep6nJlqJYzvta-uk,available
Tripitaka (PDF),Buddha Jayanthi Pali & Sinhala Tripitaka,Aṅguttaranikāya,SP_AN2_Anguttaranikaya 02 – අංගුත්තර නිකාය 02,https://mega.nz/file/yvhW3LCJ#KAbR734ulrdufrKVydFqYhaJSisZtPHH_lBBknNMpe8,available
Tripitaka (PDF),Buddha Jayanthi Pali & Sinhala Tripitaka,Aṅguttaranikāya,SP_AN3_Anguttaranikaya 03 – අංගුත්තර නිකාය 03,https://mega.nz/file/T3hESDSR#J34p6-C2METxaDHfkKZqawmm8gS_GFCckkLVC5HoYnw,available
Tripitaka (PDF),Buddha Jayanthi Pali & Sinhala Tripitaka,Aṅguttaranikāya,SP_AN4_Anguttaranikaya 04 – අංගුත්තර නිකාය 04,https://mega.nz/file/2m5gmZzB#fFiSIk6CoApOgnzdX1BkW2quu5IdxhZPW3YQv3gKCi4,available
Tripitaka (PDF),Buddha Jayanthi Pali & Sinhala Tripitaka,Aṅguttaranikāya,SP_AN5_Anguttaranikaya 05 – අංගුත්තර නිකාය 05,https://mega.nz/file/y7wyUJ4C#59uzKtgZc5LnL22jA4ephPan2T7eTRtLVg2XXxPT52Q,available
Tripitaka (PDF),Buddha Jayanthi Pali & Sinhala Tripitaka,Aṅguttaranikāya,SP_AN6_Anguttaranikaya 06 – අංගුත්තර නිකාය 06,https://mega.nz/file/yipCjbjT#a9L6regAlKerMPGTNKNObt62oc1z3LX5jzWg8z9b9DA,available
Tripitaka (PDF),Buddha Jayanthi Pali & Sinhala Tripitaka,Khuddakanikāya,SP_KN1_Kudakapata – ඛුද්දක පාඨ,https://mega.nz/file/PqoAnbwY#kgX7lpRLy_C0lx6bN46XBWn9ZQW7yanUgwMbMnesllE,available
Tripitaka (PDF),Buddha Jayanthi Pali & Sinhala Tripitaka,Khuddakanikāya,SP_KN2_Suththanipatha – සුත්ත නිපාතය,https://mega.nz/file/qiwi1ZyS#KIho_22_1HlavTRBej4-7eZA2yFE5-c4DY9APXMlwYY,available
Tripitaka (PDF),Buddha Jayanthi Pali & Sinhala Tripitaka,Khuddakanikāya,SP_KN3_Vimanavaththu Pali & Pethavaththu Pali,https://mega.nz/file/njITXAKB#pswzregYZgiRgqLdT6ckbP1rtMrI-CqKqSgdBuYPJ6I,available
Tripitaka (PDF),Buddha Jayanthi Pali & Sinhala Tripitaka,Khuddakanikāya,SP_KN4_Theragatha Pali & Theregatha Pali,https://mega.nz/file/rvJx1YYZ#3nDtYFIbPYNY6ZcZJYIZB2A_T2yqfZUMzWNVEKwLcRw,available
Tripitaka (PDF),Buddha Jayanthi Pali & Sinhala Tripitaka,Khuddakanikāya,SP_KN5_Jathaka_Pali – 01 – ජාතක පාළි 01,https://mega.nz/file/Tvp1wACK#JNf3q7kyxAriEz0z4CM5UUs2rSgMkSB5520VwhuiVIA,available
Tripitaka (PDF),Buddha Jayanthi Pali & Sinhala Tripitaka,Khuddakanikāya,SP_KN6_Jathaka_Pali – 02 – ජාතක පාළි 02,https://mega.nz/file/6yoQjB5T#b9mvaVMgdfXi92RwLljqeubs2I0jj5EGaWkHTfjjrvA,available
Tripitaka (PDF),Buddha Jayanthi Pali & Sinhala Tripitaka,Khuddakanikāya,SP_KN7_Jathaka_Pali – 03 – ජාතක පාළි 03,https://mega.nz/file/D7pkXbRY#910moc13vhjDCzWNp6TtAzH_yqlKXNtzjL1WXBbZuQY,available
Tripitaka (PDF),Buddha Jayanthi Pali & Sinhala Tripitaka,Khuddakanikāya,SP_KN8_Mahaniddesa Pali – මහා නිද්දේස පාළි,https://mega.nz/file/zrYxBS5Z#ROOvA700EIpIoNA0O4FlRZz9TPfizRebl73mPf7F9JM,available
Tripitaka (PDF),Buddha Jayanthi Pali & Sinhala Tripitaka,Khuddakanikāya,SP_KN9_Chuulaniddesa Pali – චූල නිද්දේස පාළි,https://mega.nz/file/y2AX2KYR#1cW6QsjUOqSJO8l1vAokhdgjuJD9DYRTClTrXAB4e9Y,available
Tripitaka (PDF),Buddha Jayanthi Pali & Sinhala Tripitaka,Khuddakanikāya,SP_KN10_Pathisambhidamagga Pali 01,https://mega.nz/file/y2AX2KYR#1cW6QsjUOqSJO8l1vAokhdgjuJD9DYRTClTrXAB4e9Y,available
Tripitaka (PDF),Buddha Jayanthi Pali & Sinhala Tripitaka,Khuddakanikāya,SP_KN11_Pathisambhidamagga Pali 02,https://mega.nz/file/mupW2B7R#w7cLLgiGyNjbvqSS7Ytwc2afn4TOH2q-GAv7TJyR7_M,available
Tripitaka (PDF),Buddha Jayanthi Pali & Sinhala Tripitaka,Khuddakanikāya,SP_KN12_Apadana Pali 01 (Bhikku),https://mega.nz/file/WnBHwKSJ#lvoNAfz6GLU4gEtpcF0ww1HmSUN1uPJDcmJdHG3suJU,available
Tripitaka (PDF),Buddha Jayanthi Pali & Sinhala Tripitaka,Khuddakanikāya,SP_KN13_Apadana Pali 02 (Bhikku),https://mega.nz/file/LrgSARzA#r8C9obFZN6cvMVHPhPz4maFeudjXrxW2cLYD8QxIZDM,available
Tripitaka (PDF),Buddha Jayanthi Pali & Sinhala Tripitaka,Khuddakanikāya,SP_KN14_Apadana Pali (Bhikkuni),https://mega.nz/file/L7pmiJ6K#0gtAHOChTQllYVpg1Wuc7uk0CS_YzS2cEUg_cnOG-fs,available
Tripitaka (PDF),Buddha Jayanthi Pali & Sinhala Tripitaka,Khuddakanikāya,SP_KN15_BuddhaVansha Pali & Chariyapitaka Pali,https://mega.nz/file/HyQjzCjY#s9A9XxC-_5MrrUBke4WJOc5RzP4tHWzmkyh0lfY6xOU,available
Tripitaka (PDF),Buddha Jayanthi Pali & Sinhala Tripitaka,Khuddakanikāya,SP_KN16_Nethipakerana Pali – නෙත්තිප්පකරණ,https://mega.nz/file/fqJDwYyD#Pbgtw2Uk-41IxuOQUZjsTWaekncPb7vPpBY_9EY802w,available
Tripitaka (PDF),Buddha Jayanthi Pali & Sinhala Tripitaka,Khuddakanikāya,SP_KN17_Petakopasesa Pali – පෙටකොපදෙසො,https://mega.nz/file/3uoSGLob#wu7jLzdHUjZkvMSXZOe9bbhGf4oHhtJya0sMqHOk6Zs,available
Tripitaka (PDF),Buddha Jayanthi Pali & Sinhala Tripitaka,3. Abhidhammapitaka | අභිධර්ම පිටකය,SP_AP1_Dhammasangani_Pakarana – ධම්මසංගණී ප්‍රකරණය,https://mega.nz/file/G6p2xBDJ#vKoD77X5xIs4LFrNvN02CxS_BHb4h7UqHNOefkG11Mg,available
Tripitaka (PDF),Buddha Jayanthi Pali & Sinhala Tripitaka,3. Abhidhammapitaka | අභිධර්ම පිටකය,SP_AP2_Vibhanga_Pakarana 01 – විභංග ප්‍රකරණය 01,https://mega.nz/file/zmw2BbRI#GP9ZK56JG2Cn2qrR6FYdPMTg3zIAJ6WOwi7xfDskKB0,available
Tripitaka (PDF),Buddha Jayanthi Pali & Sinhala Tripitaka,3. Abhidhammapitaka | අභිධර්ම පිටකය,SP_AP3_Vibhanga_Pakarana 02 – විභංග ප්‍රකරණය 02,https://mega.nz/file/Pnx2hBjD#smiuCt3i17bNyepU6Myqq_Yfznz5jnIa3A2t2ukIiwY,available
Tripitaka (PDF),Buddha Jayanthi Pali & Sinhala Tripitaka,3. Abhidhammapitaka | අභිධර්ම පිටකය,SP_AP4_KathaVatthu_Prakarana 01 – කථාවත්ථු ප්‍රකරණය 01,https://mega.nz/file/P2wCURQQ#or96BWUc-2Ynidmsvu30EFvuBuR8oymscQ07f62zY8Q,available
Tripitaka (PDF),Buddha Jayanthi Pali & Sinhala Tripitaka,3. Abhidhammapitaka | අභිධර්ම පිටකය,SP_AP5_KathaVatthu_Prakarana 02 – කථාවත්ථු ප්‍රකරණය 02,https://mega.nz/file/fuhUgBRS#slMzW53tccjp1C_15z1xHlTuQVSU0ssiKCZqtdWZi-s,available
Tripitaka (PDF),Buddha Jayanthi Pali & Sinhala Tripitaka,3. Abhidhammapitaka | අභිධර්ම පිටකය,SP_AP6_KathaVatthu_Prakarana 03 – කථාවත්ථු ප්‍රකරණය 03,https://mega.nz/file/i7wG0LrK#2wjXfBi1mOKFtyH-gVQQbjld4i1FsZ3-qtBE86vKybM,available
Tripitaka (PDF),Buddha Jayanthi Pali & Sinhala Tripitaka,3. Abhidhammapitaka | අභිධර්ම පිටකය,SP_AP7_Dhatukatha_Puggala_Pannatti – ධාතුකථා පුග්ගල පඤ්ඤත්ති,https://mega.nz/file/S65ECJIC#PMAgOsAlIWD_4d27XnCuleMfJAc2A2uVssMZvn68lQk,available
Tripitaka (PDF),Buddha Jayanthi Pali & Sinhala Tripitaka,3. Abhidhammapitaka | අභිධර්ම පිටකය,SP_AP8_Yamaka_Pakarana 01 – යමක ප්‍රකරණ 01,https://mega.nz/file/Gmx2BJrZ#BSkfNkFWOUSsISCzNS6JyHvE3pPstajRQNu-4_95_iQ,available
Tripitaka (PDF),Buddha Jayanthi Pali & Sinhala Tripitaka,3. Abhidhammapitaka | අභිධර්ම පිටකය,SP_AP9_Yamaka_Pakarana 02-1 – යමක ප්‍රකරණ 02-1,https://mega.nz/file/CngWFDwA#2stwXMreislo1wB3UyuGKz7DoD8Wix-WFOSrAKlefqs,available
Tripitaka (PDF),Buddha Jayanthi Pali & Sinhala Tripitaka,3. Abhidhammapitaka | අභිධර්ම පිටකය,SP_AP10_Yamaka_Pakarana 02-2 – යමක ප්‍රකරණ 02-2,https://mega.nz/file/CrxgULrL#tpKQ4URxXuzhOg7jvyPaVRX7bM6gd0qe5B_Naa3CGKA,available
Tripitaka (PDF),Buddha Jayanthi Pali & Sinhala Tripitaka,3. Abhidhammapitaka | අභිධර්ම පිටකය,SP_AP11_Patthana_Pakarana 01 – පට්ඨාන ප්‍රකරණ 01,https://mega.nz/file/TywyDBIQ#Q72iTfrhPL-30eud5rxqoug2ktjAU25wAIYauLUVsTU,available
Tripitaka (PDF),Buddha Jayanthi Pali & Sinhala Tripitaka,3. Abhidhammapitaka | අභිධර්ම පිටකය,SP_AP12_Patthana_Pakarana 02 – පට්ඨාන ප්‍රකරණ 02,https://mega.nz/file/iihU3D5S#4kye043RI6OJ0AB8fuzK2x0EekWy7eJ0j_i5wIbyTI4,available
Tripitaka (PDF),Buddha Jayanthi Pali & Sinhala Tripitaka,3. Abhidhammapitaka | අභිධර්ම පිටකය,SP_AP13_Patthana_Pakarana 03 – පට්ඨාන ප්‍රකරණ 03,https://mega.nz/file/evgiSZzL#GNZVVB0aUCHizq46hxtG4QEwn68VjdF-VTVuFNJnecw,available
Tripitaka (PDF),AP De Zoysa Tripitaka,1. Vinayapitakaya | විනය පිටකය,Vinayapitakaya 01 – විනය පිටකය 01,https://mega.nz/file/SiZmVDAB#plUnyT8gIBh9tQXn8P8tTvc7Lp9FYJfN6BkKezNjUag,available
Tripitaka (PDF),AP De Zoysa Tripitaka,1. Vinayapitakaya | විනය පිටකය,Vinayapitakaya 02 – විනය පිටකය 02,https://mega.nz/file/6mQmCRoS#MVZ_wzePOaC-pJVFY_Vv4CuASj_KYCWFg906s1PRDo8,available
Tripitaka (PDF),AP De Zoysa Tripitaka,1. Vinayapitakaya | විනය පිටකය,Vinayapitakaya 03 – විනය පිටකය 03,https://mega.nz/file/GiYCmDAI#rrSC6ldFUsX_sQlPjP2cupzyPdxPxpurW_J3PVa3HSQ,available
Tripitaka (PDF),AP De Zoysa Tripitaka,1. Vinayapitakaya | විනය පිටකය,Vinayapitakaya 04 – විනය පිටකය 04,https://mega.nz/file/juBASRzZ#k1lDq9_zqXml2qUUwIbs8q0ej1O6BTJmlh_IQb1BLTo,available
Tripitaka (PDF),AP De Zoysa Tripitaka,Dīghanikāya,Dighanikaya 01 – දීඝ නිකාය 01,https://mega.nz/file/a7IChTCQ#JMyBJxyq5H-zJ1hZN175jVu0WGGrfKzuFU1csRRkiGs,available
Tripitaka (PDF),AP De Zoysa Tripitaka,Dīghanikāya,Dighanikaya 02 – දීඝ නිකාය 02,https://mega.nz/file/r3ZEkDqB#d9NJXU4eo7uzYIMc9gi5IGDjzD1dLL0DBsVxuwR7X40,available
Tripitaka (PDF),AP De Zoysa Tripitaka,Dīghanikāya,Dighanikaya 03 – දීඝ නිකාය 03,https://mega.nz/file/uzA2BDJL#viNb3HZlWAm9B3YhKUXNfioxmbzOHLCvd7Y9oYY2Ysc,available
Tripitaka (PDF),AP De Zoysa Tripitaka,Majjhimanikāya,Majjhimanikaya 01 – මජ්ඣිම නිකාය 01,https://mega.nz/file/LvI0zJTZ#b0r-PoENvqMoquoUiHq0WbrrlNI7WhgNtpHl-vyz_Ks,available
Tripitaka (PDF),AP De Zoysa Tripitaka,Majjhimanikāya,Majjhimanikaya 02 – මජ්ඣිම නිකාය 02,https://mega.nz/file/inRS0LwS#7M_NW3yfSAXANHQfeHf5E8hQhwibNxTMWJiucT3wmr4,available
Tripitaka (PDF),AP De Zoysa Tripitaka,Majjhimanikāya,Majjhimanikaya 03 – මජ්ඣිම නිකාය 03,https://mega.nz/file/v6YyRJiJ#hhePNyaf-HCc_vRnyLSOvDdLhzkstp5q33B9JA8TjxU,available
Tripitaka (PDF),AP De Zoysa Tripitaka,Majjhimanikāya,Majjhimanikaya 04 – මජ්ඣිම නිකාය 04,https://mega.nz/file/77BwXbaJ#a5OOFYmgdfEaJ4sGPu1jEMuQnVBzwJBY5fhAsSsl3Rg,available
Tripitaka (PDF),AP De Zoysa Tripitaka,Majjhimanikāya,Majjhimanikaya 05 – මජ්ඣිම නිකාය 05,https://mega.nz/file/G3YmSBJC#y00Cjr1glgRec2mYaZMw75sn7H9m9J6brZXi5UYdYAU,available
Tripitaka (PDF),AP De Zoysa Tripitaka,Saṃyuttanikāya,Samyuttanikaya 01 – සංයුත්ත නිකාය 01,https://mega.nz/file/GvBGhbia#iGKcqj4XXLgatKiN3H1cgB-GFp-HZ-CVY1VNepcHUHE,available
Tripitaka (PDF),AP De Zoysa Tripitaka,Saṃyuttanikāya,Samyuttanikaya 02 – සංයුත්ත නිකාය 02,https://mega.nz/file/2yRyFLjQ#40Uwr3T00_PBlYI9Eh3JwVqGLyZFwsG-2_hXoo4yZ1U,available
Tripitaka (PDF),AP De Zoysa Tripitaka,Saṃyuttanikāya,Samyuttanikaya 03 – සංයුත්ත නිකාය 03,https://mega.nz/file/K3Q2gb6D#og-9xRwyPTSpWVHfCkreohOyiUwKtd2RM9TFMUF1mEo,available
Tripitaka (PDF),AP De Zoysa Tripitaka,Saṃyuttanikāya,Samyuttanikaya 04 – සංයුත්ත නිකාය 04,https://mega.nz/file/D6RkEDTY#PcqgW4YD8b77_SzTfJj36JHShKOyKNV8PVyPBCFClv8,available
Tripitaka (PDF),AP De Zoysa Tripitaka,Saṃyuttanikāya,Samyuttanikaya 05 – සංයුත්ත නිකාය 05,https://mega.nz/file/nzQWUJoa#aydqI96wP126pWSBZvjOjnCxNbj1ac29-cta2Wi79qA,available
Tripitaka (PDF),AP De Zoysa Tripitaka,Saṃyuttanikāya,Samyuttanikaya 06 – සංයුත්ත නිකාය 06,https://mega.nz/file/bvJ2jRab#QOqP8dqtrQwmm3f8ZsehK53SMKH2m3kr-S3b-DafiKE,available
Tripitaka (PDF),AP De Zoysa Tripitaka,Saṃyuttanikāya,Samyuttanikaya 07 – සංයුත්ත නිකාය 07,https://mega.nz/file/y2RGABQZ#fLwGTPSeH4994iitwek7O-TrqxtYcPOjB30tIh4k7w8,available
Tripitaka (PDF),AP De Zoysa Tripitaka,Aṅguttaranikāya,Anguttaranikaya 01 – අංගුත්තර නිකාය 01,https://mega.nz/file/fnB0SLQK#WBi-E2qmkwMVydgUwfkBi4mppBen6nGPIGhC2gJxnvI,available
Tripitaka (PDF),AP De Zoysa Tripitaka,Aṅguttaranikāya,Anguttaranikaya 02 – අංගුත්තර නිකාය 02,https://mega.nz/file/uuYmzL4a#x8fgLFbmaJiUCqW9mR_6GkTfGG0OdiR0TAzhGvNvP5Y,available
Tripitaka (PDF),AP De Zoysa Tripitaka,Aṅguttaranikāya,Anguttaranikaya 03 – අංගුත්තර නිකාය 03,https://mega.nz/file/nvYi1RQT#TpWrYPSpXMBqXXka574LLTS8ajYywTgZ3j7gebh2-UI,available
Tripitaka (PDF),AP De Zoysa Tripitaka,Aṅguttaranikāya,Anguttaranikaya 04 – අංගුත්තර නිකාය 04,https://mega.nz/file/KqYgkBYR#qdDLGpsViMW8IxJniySzdNqIwQ0oPiabYkRDkeJGOA0,available
Tripitaka (PDF),AP De Zoysa Tripitaka,Khuddakanikāya,Khuddakanikaya 01 – ඛුද්දක නිකාය 01,https://mega.nz/file/q2Qy3ZhC#fW4mlvHIWUTLFAN5v73HDWAzdjHLNML_50dx_oI_rpo,available
Tripitaka (PDF),AP De Zoysa Tripitaka,Khuddakanikāya,Khuddakanikaya 02 – ඛුද්දක නිකාය 02,https://mega.nz/file/62BwQb4B#DTjpocN1ee24sigkySr_ZzLLI0PRvCaJLiUSL58H2AA,available
Tripitaka (PDF),AP De Zoysa Tripitaka,Khuddakanikāya,Khuddakanikaya 03 – ඛුද්දක නිකාය 03,https://mega.nz/file/32IEVZRS#FQIE2nQfoUffAwkFK-O3-Q75vjHA2Vu3z-qMkuiB8s0,available
Tripitaka (PDF),AP De Zoysa Tripitaka,Khuddakanikāya,Khuddakanikaya 04 – ඛුද්දක නිකාය 04,https://mega.nz/file/qnRiCBbB#_EQaBPPWjn2MDV4DvIT-AtkZhxa6Tqrt1ARHStVIH0k,available
Tripitaka (PDF),AP De Zoysa Tripitaka,Khuddakanikāya,Khuddakanikaya 05 – ඛුද්දක නිකාය 05,https://mega.nz/file/GuAA1ZgD#o7McBekcl-i-EBCDWsiKzehJl6phj7VE5sH0rbw_1Os,available
Tripitaka (PDF),AP De Zoysa Tripitaka,Khuddakanikāya,Khuddakanikaya 06 – ඛුද්දක නිකාය 06,https://mega.nz/file/2jRS1ByT#h_yV6RsowNdemwIE8tkW5Te0KAJHqgBDEt4DBPRhpCg,available
Tripitaka (PDF),AP De Zoysa Tripitaka,Khuddakanikāya,Khuddakanikaya 07 – ඛුද්දක නිකාය 07,https://mega.nz/file/TrYmHZIB#7UBaDMmwqyNuf9fec9XUxJT4airOgexFSKotgtkAcaw,available
Tripitaka (PDF),AP De Zoysa Tripitaka,3. Abhidhammapitaka | අභිධර්ම පිටකය,Abhidhammapitaka Pitakaya 01 – අභිධම්ම පිටක 01,https://mega.nz/file/f7RATLqD#iqLl-iXd0F9xjtiBXRk0_9Q3zP1YZOFDxb0FOuWsIjY,available
Tripitaka (PDF),AP De Zoysa Tripitaka,3. Abhidhammapitaka | අභිධර්ම පිටකය,Abhidhammapitaka Pitakaya 02 – අභිධම්ම පිටක 02,https://mega.nz/file/v6ZmCJrK#rT9wMGkCMlKjU58w8n-yagetNlH4tkyGzXpERXbL8xc,available
Tripitaka (PDF),AP De Zoysa Tripitaka,3. Abhidhammapitaka | අභිධර්ම පිටකය,Abhidhammapitaka Pitakaya 03 – අභිධම්ම පිටක 03,https://mega.nz/file/e3ZSCJTR#CNoULXalhphWmlo0JE02czwi_nxeX89pFPcgf22hTiA,available
Tripitaka (PDF),AP De Zoysa Tripitaka,3. Abhidhammapitaka | අභිධර්ම පිටකය,Abhidhammapitaka Pitakaya 04 – අභිධම්ම පිටක 04,https://mega.nz/file/P6ZAjBDR#RbOIRZkb_XsO_yBd2HFazi6UkS_MeCU6568QOhiS9mo,available
Tripitaka (PDF),AP De Zoysa Tripitaka,3. Abhidhammapitaka | අභිධර්ම පිටකය,Abhidhammapitaka Pitakaya 05 – අභිධම්ම පිටක 05,https://mega.nz/file/27RwQZiR#gxBWH7XpcqFEuyKXbBDBxzalars557L6QpKkPO2Wv5s,available
Tripitaka (PDF),AP De Zoysa Tripitaka,3. Abhidhammapitaka | අභිධර්ම පිටකය,Abhidhammapitaka Pitakaya 06 – අභිධම්ම පිටක 06,https://mega.nz/file/ezJwSDxZ#6Hwhf38NcN_9gtrOl8xyv1sPQsySBThHT-ndXe0bm0w,available
Tripitaka (PDF),AP De Zoysa Tripitaka,3. Abhidhammapitaka | අභිධර්ම පිටකය,Abhidhammapitaka Pitakaya 07 – අභිධම්ම පිටක 07,https://mega.nz/file/brBQkR6Y#rzy_7ciONk5Q4DMtx4HZzIJ8tnczQOuK8muwtVFUVYI,available
Tripitaka (PDF),AP De Zoysa Tripitaka,3. Abhidhammapitaka | අභිධර්ම පිටකය,Abhidhammapitaka Pitakaya 08 – අභිධම්ම පිටක 08,https://mega.nz/file/e3Zw3bTJ#OrXC0-yFuRdGqdzzaPd1SNpvQv_Owj83O-8ODOzDbfU,available
Tripitaka (PDF),PTS / ENG Tripitaka (New),1. Vinayapitakaya | විනය පිටකය,Horner-I-B-Tr-Book-of-the-Discipline-Vinaya-Pitaka-Vol-I,https://mega.nz/file/77JFkAhB#P3RQJv99VHwEbA5LYbc2yU7QeJeIeQEh9yjyqascsNs,available
Tripitaka (PDF),PTS / ENG Tripitaka (New),1. Vinayapitakaya | විනය පිටකය,Horner-I-B-Tr-Book-of-the-Discipline-Vinaya-Pitaka-Vol-II,https://mega.nz/file/iiIDzIZT#2LGeH9cVfqtLkEsM6WCty-DFVo75IPx3Vf0YEVQoMEA,available
Tripitaka (PDF),PTS / ENG Tripitaka (New),1. Vinayapitakaya | විනය පිටකය,Horner-I-B-Tr-Book-of-the-Discipline-Vinaya-Pitaka-Vol-III,https://mega.nz/file/ajARXa7C#SuQXJ2C_OIIIhASIdeqpACvVsAtrRvFD4xqhAWEuY8g,available
Tripitaka (PDF),PTS / ENG Tripitaka (New),1. Vinayapitakaya | විනය පිටකය,Horner-I-B-Tr-Book-of-the-Discipline-Vinaya-Pitaka-Vol-IV,https://mega.nz/file/DrRhTKpQ#6PnZiZdns0JHsd2RD_mVQIMmQilMQh27LloChZLbzaQ,available
Tripitaka (PDF),PTS / ENG Tripitaka (New),1. Vinayapitakaya | විනය පිටකය,Horner-I-B-Tr-Book-of-the-Discipline-Vinaya-Pitaka-Vol-V,https://mega.nz/file/niRDXCIA#nRRoWSZZzD6S3x6gFXQcIK7i4WgZcLSFd8_fqYIX3ak,available
Tripitaka (PDF),PTS / ENG Tripitaka (New),1. Vinayapitakaya | විනය පිටකය,Horner-I-B-Tr-Book-of-the-Discipline-Vinaya-Pitaka-Vol-VI,https://mega.nz/file/jnQRgYqD#MXf2RZsXSPrkJPS43klVaKpkQJh3TegDZiPkFwTdCoI,available
Tripitaka (PDF),PTS / ENG Tripitaka (New),Vinaya Texts (older PTS edition),Vinaya Texts – Part I – Patimokkha,https://mega.nz/file/urgUgLCJ#Tyb_PGFqxI9pggzcd2EtXYs8JhPg0B_7Gy4Mzm4ce3s,available
Tripitaka (PDF),PTS / ENG Tripitaka (New),Vinaya Texts (older PTS edition),Vinaya Texts – Part II – Cullavagga I – III,https://mega.nz/file/uv52BT6S#vlIvh7WFCJjW6QakvSsB5qsX1E0sn-Ch0Oq3Bn3LPfs,available
Tripitaka (PDF),PTS / ENG Tripitaka (New),Vinaya Texts (older PTS edition),Vinaya Texts – Part III – Cullavagga IV – XII,https://mega.nz/file/76ZXhIqA#BjN1NW-WGuJxY0qH6lMIInXA3bMIEykcKslQ5yhyL_4,available
Tripitaka (PDF),PTS / ENG Tripitaka (New),Dīgha Nikāya – Dialogues of the Buddha,Dialogues of the Buddha Vol. I TWRD (1899),https://mega.nz/file/66JQWRRZ#s6my5Sf-MgPCU0HQGbi-VB9Krxr6oC47m1meA-ys2OM,available
Tripitaka (PDF),PTS / ENG Tripitaka (New),Dīgha Nikāya – Dialogues of the Buddha,Dialogues of the Buddha Vol. II TW & CAFRD (1910),https://mega.nz/file/jyYyFBAC#y8versJwauQehCBKPv4Uh2M979iZDTz9EQxz-uAvsBQ,available
Tripitaka (PDF),PTS / ENG Tripitaka (New),Dīgha Nikāya – Dialogues of the Buddha,Dialogues of the Buddha Vol. III TW & CAFRD (1921),https://mega.nz/file/qqR0VLbL#Zm5hD1ud47OFNdquEy0jDXNXly7h--EmVUbIUDUlaac,available
Tripitaka (PDF),PTS / ENG Tripitaka (New),Majjhima Nikāya – Middle Length Sayings,"Middle Length Sayings Vol. I, The First Fifty Discourses I.B. Horner (1954)",https://mega.nz/file/27hyTYZK#SR-G_hmK1mslqBU4rTQSlio18TVBpYazDTUzUg6sFB4,available
Tripitaka (PDF),PTS / ENG Tripitaka (New),Majjhima Nikāya – Middle Length Sayings,"Middle Length Sayings Vol. II, The Middle Fifty Discourses I.B. Horner (1957)",https://mega.nz/file/L7gEiLwI#kU8wiqZNGljiCehycvpCgqV69zohZSYTwsfgis5zFcg,available
Tripitaka (PDF),PTS / ENG Tripitaka (New),Majjhima Nikāya – Middle Length Sayings,"Middle Length Sayings Vol. III, The Final Fifty Discourses I.B. Horner (1959)",https://mega.nz/file/PvJyHYAC#ewjZi5EI1SS3C9XVfRgSl7FL0OauVEFJoiZ0mFpzgsQ,available
Tripitaka (PDF),PTS / ENG Tripitaka (New),Saṃyutta Nikāya – Kindred Sayings,Kindred Sayings Vol. I Sagatha Vagga CAFRD (1917),https://mega.nz/file/KvAg3QKC#naMHmgkdNRpe70tsf1U6Zsp1x7S1Fufz5Yi-UtKZjn4,available
Tripitaka (PDF),PTS / ENG Tripitaka (New),Saṃyutta Nikāya – Kindred Sayings,Kindred Sayings Vol. II Nidana Vagga CAFRD (1922),https://mega.nz/file/DmhXSCaa#tSrnI-P9cLiB2yCmUiTKjXrBd0piaBaRBqcZ5ak0rk8,available
Tripitaka (PDF),PTS / ENG Tripitaka (New),Saṃyutta Nikāya – Kindred Sayings,Kindred Sayings Vol. III Khandha Vagga F.L. Woodward (1924),https://mega.nz/file/Cv4FFBzZ#-d_O62kMUZlSKNVJ4ye8-bfie7dKspzAUT8Ji509rs0,available
Tripitaka (PDF),PTS / ENG Tripitaka (New),Saṃyutta Nikāya – Kindred Sayings,Kindred Sayings Vol. IV Salayatana Vagga F.L. Woodward (1927),https://mega.nz/file/PzRxHbRQ#RqGDBLYWRjHv4z2HKva8hblC_EP04d59dDsTaaXVBNc,available
Tripitaka (PDF),PTS / ENG Tripitaka (New),Saṃyutta Nikāya – Kindred Sayings,Kindred Sayings Vol. V Maha Vagga F.L. Woodward (1930),https://mega.nz/file/67h1RCIT#C0Ss5DZtTnFTxQ2gHLdO8L75F0wir16v-4kavpWTRX8,available
Tripitaka (PDF),PTS / ENG Tripitaka (New),Aṅguttara Nikāya – Gradual Sayings,"Gradual Sayings Vol. I The Books of Ones, Twos & Threes F.L. Woodward (1932)",https://mega.nz/file/auQSDKZC#w9IMYjBdlh-P8vQwhO6oiy7pOGfMev78m5FEy337f4A,available
Tripitaka (PDF),PTS / ENG Tripitaka (New),Aṅguttara Nikāya – Gradual Sayings,Gradual Sayings Vol. II The Book of Fours F.L. Woodward (1933),https://mega.nz/file/CqJRXLTC#q8lh3ns8okljWtPnfKq3OLGbITvr0y8-au-5obMPztU,available
Tripitaka (PDF),PTS / ENG Tripitaka (New),Aṅguttara Nikāya – Gradual Sayings,Gradual Sayings Vol. III The Books of Fives & Sixes E.M. Hare (1934),https://mega.nz/file/znZQ0R5L#JoTSv9YddkUA0T3XtQQYvYyqtTuJWKuEo_V97kmCSC8,available
Tripitaka (PDF),PTS / ENG Tripitaka (New),Aṅguttara Nikāya – Gradual Sayings,"Gradual Sayings Vol. IV The Books of Sevens, Eights & Nines E.M. Hare (1935)",https://mega.nz/file/WuJjTTyL#Jakw0_YpjSSqerWbLu57wAwuDMqc8alHHgxj2MTYgx8,available
Tripitaka (PDF),PTS / ENG Tripitaka (New),Aṅguttara Nikāya – Gradual Sayings,Gradual Sayings Vol. V The Books of Tens & Elevens F.L. Woodward (1936),https://mega.nz/file/KrhGHC4I#nXVClbInmuV1iH5A3lO5eg1ioGnllARWWAx7iDWnOJ0,available
Tripitaka (PDF),PTS / ENG Tripitaka (New),Khuddaka Nikāya – Jātaka,Jataka Vol I Chalmers & Cowell (1895),https://mega.nz/file/rjBiyIqL#n-OH_EZWYyk2VqpRKVfYphKSp4yiFtgLNen53W9aPT0,available
Tripitaka (PDF),PTS / ENG Tripitaka (New),Khuddaka Nikāya – Jātaka,Jataka Vol II Rouse & Cowell (1895),https://mega.nz/file/az5jmKDK#D3JLGAiOz0SAtiYcMr0pUOoW6vNSxlo0aQCu-hOulB8,available
Tripitaka (PDF),PTS / ENG Tripitaka (New),Khuddaka Nikāya – Jātaka,Jataka Vol III Francis & Neil & Cowell (1897),https://mega.nz/file/uigCSD7Z#Hfu4naO6DNXWpaVCTj8fIy58XeTjEQsEVA3ALBcvk8E,available
Tripitaka (PDF),PTS / ENG Tripitaka (New),Khuddaka Nikāya – Jātaka,Jataka Vol IV Rouse & Cowell (1901),https://mega.nz/file/muoF0AQa#-eXYIQmS9qTF_6v-2dinPAjDnl50Od2U-ay5hBC3mjM,available
Tripitaka (PDF),PTS / ENG Tripitaka (New),Khuddaka Nikāya – Jātaka,Jataka Vol V Francis & Cowell (1905),https://mega.nz/file/6vwX3DIA#i3u9xPI8XLTXLBpPbn5VwVWXMlzcunObQ_jgUwPejec,available
Tripitaka (PDF),PTS / ENG Tripitaka (New),Khuddaka Nikāya – Jātaka,Jataka Vol VI Rouse & Cowell (1907),https://mega.nz/file/bvBW0SxK#FGkCQhA2KrJNvorQl-4V5AkxkQUU2JFrmaDPbwaoPNw,available
Atthakatha (PDF),Pali Atthakatha,1. Vinaya Atthakatha | විනය අට්‌ඨකථා,PA01_VP1_Parajikakanda_Attakatha – පාරාජිකකණ්ඩ – අට්‌ඨකථා,https://mega.nz/file/76pjEI7C#8K5l8D1D7RZJ4P3izyIhUwOkXN2wP3rBf5A6bIuLEXA,available
Atthakatha (PDF),Pali Atthakatha,1. Vinaya Atthakatha | විනය අට්‌ඨකථා,PA02_VP2_Pachiththiya_Attakatha – පාචිත්තිය – අට්‌ඨකථා,https://mega.nz/file/vyxhSSRb#uNPlP0qaTvt2vjOqi2OgNl4_bvYPxO6BYMUf4vKkPv8,available
Atthakatha (PDF),Pali Atthakatha,1. Vinaya Atthakatha | විනය අට්‌ඨකථා,PA03_VP3_Mahavagga_Attakatha – මහාවග්ග – අට්‌ඨකථා,https://mega.nz/file/WuQlWQjT#hdF9H-0Lmk4-RAG6fv3Waxz5DdU9AEgF7bCP8RUmwQg,available
Atthakatha (PDF),Pali Atthakatha,1. Vinaya Atthakatha | විනය අට්‌ඨකථා,PA04_VP4_Chulavagga_Attakatha – චූළවග්ග – අට්‌ඨකථා,https://mega.nz/file/OqBHmKhA#9fKkXANqVzcRItuzK3OBjc2gJjJ3dft3pz958aLU5Hc,available
Atthakatha (PDF),Pali Atthakatha,1. Vinaya Atthakatha | විනය අට්‌ඨකථා,PA05_VP5_Parivara_Attakatha – පරිවාර – අට්‌ඨකථා,https://mega.nz/file/C3Y1QAhR#L370LtxN69Ux9eHPKVreUdGU5ujpepmaN5TVTsW-4Ks,available
Atthakatha (PDF),Pali Atthakatha,Dīghanikāya (Atthakatha),PA06_DN1_Seelakkandhavagga_Attakatha – සීලක්ඛන්ධවග්ග – අට්‌ඨකථා,https://mega.nz/file/i7xRDKTI#lr9RfmdgPpuMBaoS0xeA4jr325xVgFNDnLJE-9PriXg,available
Atthakatha (PDF),Pali Atthakatha,Dīghanikāya (Atthakatha),PA07_DN2_Mahavagga_Attakatha – මහාවග්ග – අට්‌ඨකථා,https://mega.nz/file/aighHCxR#tkXpnVLuH0r2VHugood7wHY4TL1eMY7BEd8tustpNMk,available
Atthakatha (PDF),Pali Atthakatha,Dīghanikāya (Atthakatha),PA08_DN3_PatakaVagga_Attakatha – පාථීකවග්ග – අට්‌ඨකථා,https://mega.nz/file/LrIAQLQC#xBYIb4MxUnhE06YSehGPjgSEfZ7B3pYyn5ZUCmOMoGU,available
Atthakatha (PDF),Pali Atthakatha,Majjhimanikāya (Atthakatha),PA09_MN1_Mullapannasa_Attakatha – මූලපණ්ණාස – අට්‌ඨකථා,https://mega.nz/file/K2ohyQyC#PA-CXI02C339EYff28ZPk6tfB8JGF7xe2ZKCtOCMtcg,available
Atthakatha (PDF),Pali Atthakatha,Majjhimanikāya (Atthakatha),PA10_MN2_Mjjimapanasaya_Attakatha – මජ්ඣිමපණ්ණාස – අට්‌ඨකථා,https://mega.nz/file/OzYAARoD#voB75O7a91q0o2WuvLekHiFv5f_HPrUQbaHwThRGzVc,available
Atthakatha (PDF),Pali Atthakatha,Majjhimanikāya (Atthakatha),PA11_MN3_Uparipanasaya_Attakatha – උපරිපණ්ණාස – අට්‌ඨකථා,https://mega.nz/file/muwTRI6Z#OH38J55Kz8J9qIZmgwFVehSw04lyP2MGAFQ72__CZHI,available
Atthakatha (PDF),Pali Atthakatha,Saṃyuttanikāya (Atthakatha),PA12_SN1_Sagathavagga_Attakatha – සගාථාවග්ග – අට්‌ඨකථා,https://mega.nz/file/muwTRI6Z#OH38J55Kz8J9qIZmgwFVehSw04lyP2MGAFQ72__CZHI,available
Atthakatha (PDF),Pali Atthakatha,Saṃyuttanikāya (Atthakatha),PA13_SN2_Nidanavagga_Attakatha – නිදානවග්ග – අට්‌ඨකථා,https://mega.nz/file/PnxThaBT#urkJAj568WHFpGXitCLcDFFdKfUdgNREAYFsWNtfaBM,available
Atthakatha (PDF),Pali Atthakatha,Saṃyuttanikāya (Atthakatha),PA14_SN3_Kandhavagga_Attakatha – ඛන්ධවග්ග – අට්‌ඨකථා,https://mega.nz/file/b2xEjboB#WqCojMf6CVGyFfm4p2sfwrdNMtcorJNWKPssqkvr0xg,available
Atthakatha (PDF),Pali Atthakatha,Saṃyuttanikāya (Atthakatha),PA15_SN4_Salayathanavagga_Attakatha – සළායතනවග්ග – අට්‌ඨකථා,https://mega.nz/file/SmoUHRzR#WqHuzFY3gk4gT9amJ6Bv8gHCeHlVG5MKTDGEWvE1j2g,available
Atthakatha (PDF),Pali Atthakatha,Saṃyuttanikāya (Atthakatha),PA16_SN5_Mahavagga_Attakatha – මහාවග්ග – අට්‌ඨකථා,https://mega.nz/file/PjgQgRba#0Lq7AFNqM3K0n6W1cG0egSCcmLE77OaOcMLLgoWufHc,available
Atthakatha (PDF),Pali Atthakatha,Aṅguttaranikāya (Atthakatha),PA17_AN1_Aekakanipathaya_Attakatha – එකකනිපාත – අට්‌ඨකථා,https://mega.nz/file/qrwyUJxQ#fy9uaq8RGm2YU9Z14ft_Pa-KQpHTFYJlIN-R5nICBMU,available
Atthakatha (PDF),Pali Atthakatha,Aṅguttaranikāya (Atthakatha),PA18_AN2_Dukanipathaya_Attakatha – දුකනිපාත – අට්‌ඨකථා,https://mega.nz/file/Wu5VyITZ#7OYPLotWvAa9j86VhvYpQxDI8yzirsqJ7QOwmrWcByc,available
Atthakatha (PDF),Pali Atthakatha,Aṅguttaranikāya (Atthakatha),PA19_AN3_Panchakanipathaya_Attakatha – පඤ්චකනිපාත – අට්‌ඨකථා,https://mega.nz/file/H25W3RDR#2lIMqdzJ9_0OLCOXYzQuRzFXKwuIURBZwiw1aBlzL7Q,available
Atthakatha (PDF),Pali Atthakatha,Aṅguttaranikāya (Atthakatha),PA20_AN4_Attakanipathaya_Attakatha – අට්ඨකනිපාත – අට්‌ඨකථා,https://mega.nz/file/bqgShTQQ#9FNECGUFz7_DeSeIkfDR4skwNIAAfPoaCEBw--Ie9DU,available
Atthakatha (PDF),Pali Atthakatha,Khuddakanikāya (Atthakatha),PA21_KN1_Kudakapata_Attakatha – ඛුද්දකපාඨ – අට්‌ඨකථා,https://mega.nz/file/bj4ljYQY#gdWWMdKVMLfRIX9BTrUw10lT9Um-ILdUSP5M23dCgMQ,available
Atthakatha (PDF),Pali Atthakatha,Khuddakanikāya (Atthakatha),PA22_KN2_Dhamapada_Attakatha – ධම්මපද – අට්‌ඨකථා,https://mega.nz/file/ymhF1ARL#p0efW8jfK9CDcoAbldOzw6B_foOjgVMCU9QmKGfc_ew,available
Atthakatha (PDF),Pali Atthakatha,Khuddakanikāya (Atthakatha),PA23_KN3_Udana_Attakatha – උදාන – අට්‌ඨකථා,https://mega.nz/file/ri4HwKKL#fTvD3lRHFrfJ-N00rW6q-HKWbuzMaN1vlZ6DhmDE2So,available
Atthakatha (PDF),Pali Atthakatha,Khuddakanikāya (Atthakatha),PA24_KN4_IthiVuththaka_Attakatha – ඉතිවුත්තක – අට්‌ඨකථා,https://mega.nz/file/njp1DSIQ#9iGRFYU9EAhHMf_DO_0z0yp5bcQuVIzvelFOb8TK4Mk,available
Atthakatha (PDF),Pali Atthakatha,Khuddakanikāya (Atthakatha),PA25_KN5_Suththanipatha_Attakatha – සුත්තනිපාත – අට්‌ඨකථා,https://mega.nz/file/WqYHlYKZ#8SOlksZNLOlZcMx0RR3Ehmsj1uIv3L_kctTAdEX5cCU,available
Atthakatha (PDF),Pali Atthakatha,Khuddakanikāya (Atthakatha),PA26_KN6_Vimanavaththu_Attakatha – විමානවත්ථු – අට්‌ඨකථා,https://mega.nz/file/njITXAKB#pswzregYZgiRgqLdT6ckbP1rtMrI-CqKqSgdBuYPJ6I,available
Atthakatha (PDF),Pali Atthakatha,Khuddakanikāya (Atthakatha),PA27_KN7_Pethavaththu_Attakatha – පෙතවත්ථු – අට්‌ඨකථා,https://mega.nz/file/rqIzGSqL#5dSQV0ASAV1HdNDzHf3LOReZ-y22l7wqSdxAbmlWZI8,available
Atthakatha (PDF),Pali Atthakatha,Khuddakanikāya (Atthakatha),PA28_KN8_Theragatha_1_Attakatha – ථෙරගාථා – අට්‌ඨකථා 01,https://mega.nz/file/rvJx1YYZ#3nDtYFIbPYNY6ZcZJYIZB2A_T2yqfZUMzWNVEKwLcRw,available
Atthakatha (PDF),Pali Atthakatha,Khuddakanikāya (Atthakatha),PA29_KN9_Theragatha_2_Attakatha – ථෙරගාථා – අට්‌ඨකථා 02,https://mega.nz/file/m3Y3yCRD#LTwWrGRwfXQZaTroL4pCD3BK4qcHjWI1xEXxHmdW1tQ,available
Atthakatha (PDF),Pali Atthakatha,Khuddakanikāya (Atthakatha),PA30_KN9_Theregatha_Attakatha – ථෙරීගාථා – අට්‌ඨකථා,https://mega.nz/file/GiADwaSZ#gNRXod-rnW28QpY9jBWpxafo99axaS37CGQRG11GLr0,available
Atthakatha (PDF),Pali Atthakatha,Khuddakanikāya (Atthakatha),PA31_KN10_Apadana_Attakatha – අපදාන – අට්‌ඨකථා,https://mega.nz/file/WnBHwKSJ#lvoNAfz6GLU4gEtpcF0ww1HmSUN1uPJDcmJdHG3suJU,available
Atthakatha (PDF),Pali Atthakatha,Khuddakanikāya (Atthakatha),PA32_KN11_BuddhaVansha_Attakatha – බුද්ධවංස – අට්‌ඨකථා,https://mega.nz/file/HyQjzCjY#s9A9XxC-_5MrrUBke4WJOc5RzP4tHWzmkyh0lfY6xOU,available
Atthakatha (PDF),Pali Atthakatha,Khuddakanikāya (Atthakatha),PA33_KN12_Chariyapitaka_Attakatha – චරියාපිටක – අට්‌ඨකථා,https://mega.nz/file/SmgH3IpT#4xKi9V-Hh_-xI0Qfj4J4kDLL1NX__sTenmoA0bfTRCo,available
Atthakatha (PDF),Pali Atthakatha,Khuddakanikāya (Atthakatha),PA34_KN13_Jathaka_1_Attakatha – ජාතක – අට්‌ඨකථා 01,https://mega.nz/file/Tvp1wACK#JNf3q7kyxAriEz0z4CM5UUs2rSgMkSB5520VwhuiVIA,available
Atthakatha (PDF),Pali Atthakatha,Khuddakanikāya (Atthakatha),PA35_KN14_Jathaka_2_Attakatha – ජාතක – අට්‌ඨකථා 02,https://mega.nz/file/G7hXUY4a#3pJmpZ4VGgOApywLP5is6ocCWQu3WFMZklp8cSjxJPc,available
Atthakatha (PDF),Pali Atthakatha,Khuddakanikāya (Atthakatha),PA36_KN15_Jathaka_3_Attakatha – ජාතක – අට්‌ඨකථා 03,https://mega.nz/file/3nx33AYa#nW3zGV45MdvTV0nNQ1o046v3QskuftyBc7oUw5Wj258,available
Atthakatha (PDF),Pali Atthakatha,Khuddakanikāya (Atthakatha),PA37_KN16_Jathaka_4_Attakatha – ජාතක – අට්‌ඨකථා 04,https://mega.nz/file/aiRlwa7D#HO2zK9uAI2srbaUluYByLvueM4PqGflWrYTHZ2u7HcQ,available
Atthakatha (PDF),Pali Atthakatha,Khuddakanikāya (Atthakatha),PA38_KN17_Jathaka_5_Attakatha – ජාතක – අට්‌ඨකථා 05,https://mega.nz/file/XuJ11QYS#Wb5Cg-vxo0yauaLjTw46CZBf0VMlLfEC9g-oE1k9KGs,available
Atthakatha (PDF),Pali Atthakatha,Khuddakanikāya (Atthakatha),PA39_KN18_Jathaka_6_Attakatha – ජාතක – අට්‌ඨකථා 06,https://mega.nz/file/yzJx2KpR#6GQCgs4VyMACj9gJmYNL7T2rp34xgOsCQaHCTiK_vbE,available
Atthakatha (PDF),Pali Atthakatha,Khuddakanikāya (Atthakatha),PA40_KN19_Jathaka_7_Attakatha – ජාතක – අට්‌ඨකථා 07,https://mega.nz/file/CrYxAYyS#uB8FQpphE6C5X1anpJQh3MYL5tA8rHxmdi_6Z_Cy2YA,available
Atthakatha (PDF),Pali Atthakatha,Khuddakanikāya (Atthakatha),PA41_KN20_Mahaniddesa_Attakatha – මහානිද්දෙස – අට්‌ඨකථා,https://mega.nz/file/zrYxBS5Z#ROOvA700EIpIoNA0O4FlRZz9TPfizRebl73mPf7F9JM,available
Atthakatha (PDF),Pali Atthakatha,Khuddakanikāya (Atthakatha),PA42_KN21_Chuulaniddesa_Attakatha – චූළනිද්දෙස – අට්‌ඨකථා,https://mega.nz/file/y2AX2KYR#1cW6QsjUOqSJO8l1vAokhdgjuJD9DYRTClTrXAB4e9Y,available
Atthakatha (PDF),Pali Atthakatha,Khuddakanikāya (Atthakatha),PA43_KN22_Pathisambhidamagge_Attakatha – පටිසම්භිදාමග්ග – අට්‌ඨකථා,https://mega.nz/file/y2AX2KYR#1cW6QsjUOqSJO8l1vAokhdgjuJD9DYRTClTrXAB4e9Y,available
Atthakatha (PDF),Pali Atthakatha,Khuddakanikāya (Atthakatha),PA44_KN23_Nethipakerana_Attakatha – නෙත්තිප්පකරණ – අට්‌ඨකථා,https://mega.nz/file/fqJDwYyD#Pbgtw2Uk-41IxuOQUZjsTWaekncPb7vPpBY_9EY802w,available
Atthakatha (PDF),Pali Atthakatha,3. Abhidhammapitaka | අභිධර්ම අට්‌ඨකථා,PA45_AP1_Dhamasangane_Attakatha – ධම්මසඞ්ගණී – අට්‌ඨකථා,https://mega.nz/file/G3YyxJSR#owX_f6EmIALAk_Ua2aExiGkrcsV-g0Km-xE6MC9r8Ro,available
Atthakatha (PDF),Pali Atthakatha,3. Abhidhammapitaka | අභිධර්ම අට්‌ඨකථා,PA46_AP2_Samohavinodane_Attakatha – සමෝහවිනෝදනී – අට්‌ඨකථා,https://mega.nz/file/r35TCCwB#4s5Mm32eoCB_UGxz-Vt22ADAFyb7QMJUppg_RzyEHGE,available
Atthakatha (PDF),Pali Atthakatha,3. Abhidhammapitaka | අභිධර්ම අට්‌ඨකථා,PA47_AP3_Panchapakarana_Attakatha – පංචපකරණ – අට්‌ඨකථා,https://mega.nz/file/SqQCibJY#sicBdolPr1sEdKsacnocF5PPKw0RYHfzawfiQU_LqFU,available
Atthakatha (PDF),Pali & Sinhala Atthakatha (New),1. Pali & Sinhala Vinaya Atthakatha | පාළි සිංහල විනය අට්‌ඨකථා,SA01_VP1_Parajikakanda_Sinhala Attakatha – පාරාජිකකණ්ඩ – පාළි සිංහල අට්‌ඨකථා,,no_link_yet
Atthakatha (PDF),Pali & Sinhala Atthakatha (New),1. Pali & Sinhala Vinaya Atthakatha | පාළි සිංහල විනය අට්‌ඨකථා,SA02_VP2_Pachiththiya_Sinhala Attakatha – පාචිත්තිය – පාළි සිංහල අට්‌ඨකථා,,no_link_yet
Atthakatha (PDF),Pali & Sinhala Atthakatha (New),1. Pali & Sinhala Vinaya Atthakatha | පාළි සිංහල විනය අට්‌ඨකථා,SA03_VP3_Mahavagga_Sinhala Attakatha – මහාවග්ග – පාළි සිංහල අට්‌ඨකථා,,no_link_yet
Atthakatha (PDF),Pali & Sinhala Atthakatha (New),1. Pali & Sinhala Vinaya Atthakatha | පාළි සිංහල විනය අට්‌ඨකථා,SA04_VP4_Chulavagga_Sinhala Attakatha – චූළවග්ග – පාළි සිංහල අට්‌ඨකථා,https://drive.google.com/file/d/10HJCDtbajbnUQu_-uMUsDURsrcGaQJ7p/view?usp=sharing,available_new
Atthakatha (PDF),Pali & Sinhala Atthakatha (New),1. Pali & Sinhala Vinaya Atthakatha | පාළි සිංහල විනය අට්‌ඨකථා,SA05_VP5_Parivara_Sinhala Attakatha – පරිවාර – පාළි සිංහල අට්‌ඨකථා,,no_link_yet
Atthakatha (PDF),Pali & Sinhala Atthakatha (New),Dīghanikāya (Sinhala Atthakatha),SA06_DN1_Seelakkandhavagga_Sinhala Attakatha – සීලක්ඛන්ධවග්ග – පාළි සිංහල අට්‌ඨකථා,https://drive.google.com/file/d/1Uo15A59gSl1uA2oechI6wELoZDxxkOJ8/view?usp=drive_link,available_new
Atthakatha (PDF),Pali & Sinhala Atthakatha (New),Dīghanikāya (Sinhala Atthakatha),SA07_DN2_Mahavagga_Sinhala Attakatha – මහාවග්ග – පාළි සිංහල අට්‌ඨකථා,,no_link_yet
Atthakatha (PDF),Pali & Sinhala Atthakatha (New),Dīghanikāya (Sinhala Atthakatha),SA08_DN3_PatakaVagga_Sinhala Attakatha – පාථීකවග්ග – පාළි සිංහල අට්‌ඨකථා,,no_link_yet
Atthakatha (PDF),Pali & Sinhala Atthakatha (New),Majjhimanikāya (Sinhala Atthakatha),SA09_MN1_Mullapannasa_Sinhala Attakatha – මූලපණ්ණාස – පාළි සිංහල අට්‌ඨකථා,,no_link_yet
Atthakatha (PDF),Pali & Sinhala Atthakatha (New),Majjhimanikāya (Sinhala Atthakatha),SA10_MN2_Mjjimapanasaya_Sinhala Attakatha – මජ්ඣිමපණ්ණාස – පාළි සිංහල අට්‌ඨකථා,,no_link_yet
Atthakatha (PDF),Pali & Sinhala Atthakatha (New),Majjhimanikāya (Sinhala Atthakatha),SA11_MN3_Uparipanasaya_Sinhala Attakatha – උපරිපණ්ණාස – පාළි සිංහල අට්‌ඨකථා,,no_link_yet
Atthakatha (PDF),Pali & Sinhala Atthakatha (New),Saṃyuttanikāya (Sinhala Atthakatha),SA12_SN1_Sagathavagga_Sinhala Attakatha – සගාථාවග්ග – පාළි සිංහල අට්‌ඨකථා,,no_link_yet
Atthakatha (PDF),Pali & Sinhala Atthakatha (New),Saṃyuttanikāya (Sinhala Atthakatha),SA13_SN2_Nidanavagga_Sinhala Attakatha – නිදානවග්ග – පාළි සිංහල අට්‌ඨකථා,,no_link_yet
Atthakatha (PDF),Pali & Sinhala Atthakatha (New),Saṃyuttanikāya (Sinhala Atthakatha),SA14_SN3_Kandhavagga_Sinhala Attakatha – ඛන්ධවග්ග – පාළි සිංහල අට්‌ඨකථා,,no_link_yet
Atthakatha (PDF),Pali & Sinhala Atthakatha (New),Saṃyuttanikāya (Sinhala Atthakatha),SA15_SN4_Salayathanavagga_Sinhala Attakatha – සළායතනවග්ග – පාළි සිංහල අට්‌ඨකථා,,no_link_yet
Atthakatha (PDF),Pali & Sinhala Atthakatha (New),Saṃyuttanikāya (Sinhala Atthakatha),SA16_SN5_Mahavagga_Sinhala Attakatha – මහාවග්ග – පාළි සිංහල අට්‌ඨකථා,,no_link_yet
Atthakatha (PDF),Pali & Sinhala Atthakatha (New),Aṅguttaranikāya (Sinhala Atthakatha),PA17 / SA_AN1_Aekakanipathaya_Sinhala Attakatha – එකකනිපාත – පාළි සිංහල අට්‌ඨකථා,,no_link_yet
Atthakatha (PDF),Pali & Sinhala Atthakatha (New),Aṅguttaranikāya (Sinhala Atthakatha),PA18 / SA_AN2_Dukanipathaya_Sinhala Attakatha – දුකනිපාත – පාළි සිංහල අට්‌ඨකථා,,no_link_yet
Atthakatha (PDF),Pali & Sinhala Atthakatha (New),Aṅguttaranikāya (Sinhala Atthakatha),PA19 / SA_AN3_Panchakanipathaya_Sinhala Attakatha – පඤ්චකනිපාත – පාළි සිංහල අට්‌ඨකථා,,no_link_yet
Atthakatha (PDF),Pali & Sinhala Atthakatha (New),Aṅguttaranikāya (Sinhala Atthakatha),PA20 / SA_AN4_Attakanipathaya_Sinhala Attakatha – අට්ඨකනිපාත – පාළි සිංහල අට්‌ඨකථා,,no_link_yet
Atthakatha (PDF),Pali & Sinhala Atthakatha (New),Khuddakanikāya (Sinhala Atthakatha),PA21 / SA_KN1_Kudakapata_Sinhala Attakatha – ඛුද්දකපාඨ,,no_link_yet
Atthakatha (PDF),Pali & Sinhala Atthakatha (New),Khuddakanikāya (Sinhala Atthakatha),PA22 / SA_KN2_Dhamapada_Sinhala Attakatha – ධම්මපද,,no_link_yet
Atthakatha (PDF),Pali & Sinhala Atthakatha (New),Khuddakanikāya (Sinhala Atthakatha),PA23 / SA_KN3_Udana_Sinhala Attakatha – උදාන,,no_link_yet
Atthakatha (PDF),Pali & Sinhala Atthakatha (New),Khuddakanikāya (Sinhala Atthakatha),PA24 / SA_KN4_IthiVuththaka_Sinhala Attakatha – ඉතිවුත්තක,,no_link_yet
Atthakatha (PDF),Pali & Sinhala Atthakatha (New),Khuddakanikāya (Sinhala Atthakatha),PA25 / SA_KN5_Suththanipatha_Sinhala Attakatha – සුත්තනිපාත,,no_link_yet
Atthakatha (PDF),Pali & Sinhala Atthakatha (New),Khuddakanikāya (Sinhala Atthakatha),PA26 / SA_KN6_Vimanavaththu_Sinhala Attakatha – විමානවත්ථු,,no_link_yet
Atthakatha (PDF),Pali & Sinhala Atthakatha (New),Khuddakanikāya (Sinhala Atthakatha),PA27 / SA_KN7_Pethavaththu_Sinhala Attakatha – පෙතවත්ථු,,no_link_yet
Atthakatha (PDF),Pali & Sinhala Atthakatha (New),Khuddakanikāya (Sinhala Atthakatha),PA28 / SA_KN8_Theragatha_1_Sinhala Attakatha – ථෙරගාථා 01,,no_link_yet
Atthakatha (PDF),Pali & Sinhala Atthakatha (New),Khuddakanikāya (Sinhala Atthakatha),PA29 / SA_KN9_Theragatha_2_Sinhala Attakatha – ථෙරගාථා 02,,no_link_yet
Atthakatha (PDF),Pali & Sinhala Atthakatha (New),Khuddakanikāya (Sinhala Atthakatha),PA30 / SA_KN9_Theregatha_Sinhala Attakatha – ථෙරීගාථා,,no_link_yet
Atthakatha (PDF),Pali & Sinhala Atthakatha (New),Khuddakanikāya (Sinhala Atthakatha),PA31 / SA_KN10_Apadana_Sinhala Attakatha – අපදාන,,no_link_yet
Atthakatha (PDF),Pali & Sinhala Atthakatha (New),Khuddakanikāya (Sinhala Atthakatha),PA32 / SA_KN11_BuddhaVansha_Sinhala Attakatha – බුද්ධවංස,,no_link_yet
Atthakatha (PDF),Pali & Sinhala Atthakatha (New),Khuddakanikāya (Sinhala Atthakatha),PA33 / SA_KN12_Chariyapitaka_Sinhala Attakatha – චරියාපිටක,,no_link_yet
Atthakatha (PDF),Pali & Sinhala Atthakatha (New),Khuddakanikāya (Sinhala Atthakatha),PA34 / SA_KN13_Jathaka_1_Sinhala Attakatha – ජාතක 01,,no_link_yet
Atthakatha (PDF),Pali & Sinhala Atthakatha (New),Khuddakanikāya (Sinhala Atthakatha),PA35 / SA_KN14_Jathaka_2_Sinhala Attakatha – ජාතක 02,,no_link_yet
Atthakatha (PDF),Pali & Sinhala Atthakatha (New),Khuddakanikāya (Sinhala Atthakatha),PA36 / SA_KN15_Jathaka_3_Sinhala Attakatha – ජාතක 03,,no_link_yet
Atthakatha (PDF),Pali & Sinhala Atthakatha (New),Khuddakanikāya (Sinhala Atthakatha),PA37 / SA_KN16_Jathaka_4_Sinhala Attakatha – ජාතක 04,,no_link_yet
Atthakatha (PDF),Pali & Sinhala Atthakatha (New),Khuddakanikāya (Sinhala Atthakatha),PA38 / SA_KN17_Jathaka_5_Sinhala Attakatha – ජාතක 05,,no_link_yet
Atthakatha (PDF),Pali & Sinhala Atthakatha (New),Khuddakanikāya (Sinhala Atthakatha),PA39 / SA_KN18_Jathaka_6_Sinhala Attakatha – ජාතක 06,,no_link_yet
Atthakatha (PDF),Pali & Sinhala Atthakatha (New),Khuddakanikāya (Sinhala Atthakatha),PA40 / SA_KN19_Jathaka_7_Sinhala Attakatha – ජාතක 07,,no_link_yet
Atthakatha (PDF),Pali & Sinhala Atthakatha (New),Khuddakanikāya (Sinhala Atthakatha),PA41 / SA_KN20_Mahaniddesa_Sinhala Attakatha – මහානිද්දෙස,,no_link_yet
Atthakatha (PDF),Pali & Sinhala Atthakatha (New),Khuddakanikāya (Sinhala Atthakatha),PA42 / SA_KN21_Chuulaniddesa_Sinhala Attakatha – චූළනිද්දෙස,,no_link_yet
Atthakatha (PDF),Pali & Sinhala Atthakatha (New),Khuddakanikāya (Sinhala Atthakatha),PA43 / SA_KN22_Pathisambhidamagge_Sinhala Attakatha – පටිසම්භිදාමග්ග,,no_link_yet
Atthakatha (PDF),Pali & Sinhala Atthakatha (New),Khuddakanikāya (Sinhala Atthakatha),PA44 / SA_KN23_Nethipakerana_Sinhala Attakatha – නෙත්තිප්පකරණ,,no_link_yet
Atthakatha (PDF),Pali & Sinhala Atthakatha (New),3. Pali & Sinhala Abhidhammapitaka | පාළි සිංහල අභිධර්ම අට්‌ඨකථා,PA45 / SA_AP1_Dhamasangane_Sinhala Attakatha – ධම්මසඞ්ගණී,,no_link_yet
Atthakatha (PDF),Pali & Sinhala Atthakatha (New),3. Pali & Sinhala Abhidhammapitaka | පාළි සිංහල අභිධර්ම අට්‌ඨකථා,PA46 / SA_AP2_Samohavinodane_Sinhala Attakatha – සමෝහවිනෝදනී,,no_link_yet
Atthakatha (PDF),Pali & Sinhala Atthakatha (New),3. Pali & Sinhala Abhidhammapitaka | පාළි සිංහල අභිධර්ම අට්‌ඨකථා,PA47 / SA_AP3_Panchapakarana_Sinhala Attakatha – පංචපකරණ,,no_link_yet
Tika (PDF),Pali Tika,1. Vinaya Tika | විනය ටීකා,PT01_V1_Saraththaadeepani_1_Tika,https://mega.nz/file/7zwkBBoA#3kJg_3X5phlcuOhJ99nAOOZoaGDYGW9n6mB3zd3jErM,available
Tika (PDF),Pali Tika,1. Vinaya Tika | විනය ටීකා,PT02_V2_Saraththaadeepani_2_Tika,https://mega.nz/file/z7ow2TCY#DRDOOXQ1yL76UI5yqEkApRpangqKEmGHTvyRBPZVYMA,available
Tika (PDF),Pali Tika,1. Vinaya Tika | විනය ටීකා,PT03_V3_Saraththaadeepani_3_Tika,https://mega.nz/file/Li5GhJSS#RC0NnWGFCJABh0__tJaZVp9lwRYJGYiouazGCel3QN0,available
Tika (PDF),Pali Tika,1. Vinaya Tika | විනය ටීකා,PT04_V4_Devemathikapali_Tika,https://mega.nz/file/SqogHDBT#Iwn3EHImMD5Enn3B5BOKch0o7SrrnS8tygh8KRPoWVA,available
Tika (PDF),Pali Tika,1. Vinaya Tika | විනය ටීකා,PT05_V5_Vinayasangaha_Tika,https://mega.nz/file/fnhgnTqS#c2U4shAUVFyiZfJ7g_j0cdU14xw8pF0JyPtL4WmyW4M,available
Tika (PDF),Pali Tika,1. Vinaya Tika | විනය ටීකා,PT06_V6_Vajirabuddhi_Tika,https://mega.nz/file/KmpAVbCR#INW3YjrI0wdRv7Bh3CLpdOfrEngRGVpp2p2QclkW1Uw,available
Tika (PDF),Pali Tika,1. Vinaya Tika | විනය ටීකා,PT07_V7_Vmathivimodani_Tika,https://mega.nz/file/uuggzDAR#kbSChGrWFGDLGBYClY1dDIeIbwt66nBn5NY4G5d1A7U,available
Tika (PDF),Pali Tika,1. Vinaya Tika | විනය ටීකා,PT08_V8_Vinayalankara_Tika,https://mega.nz/file/a2hgVLzA#ProkRyOtQ9kD2kx6dCRnXiGxQxDQgjkWfaAbx7bugmc,available
Tika (PDF),Pali Tika,1. Vinaya Tika | විනය ටීකා,PT09_V9_Kankavithranee_Purana_Tika,https://mega.nz/file/i25gCBjB#VK4jaKmb_OmDbkzsZAwrwTjIMLgJAS7Dy8yMhZZHUSY,available
Tika (PDF),Pali Tika,1. Vinaya Tika | විනය ටීකා,PT10_V10_Vinayavinichchaya_Utharavinichchya_Tika,https://mega.nz/file/SrwSmBLJ#6BZisRn5YoBnWxESBi9kVNX3Lvj1WXclrOp69rM44c0,available
Tika (PDF),Pali Tika,1. Vinaya Tika | විනය ටීකා,PT11_V11_Vinayavinichchaya_Tika,https://mega.nz/file/HnoQhDTQ#9BsH0ugWOCqZgRWdVz2KG-Asa-GXbqL62cHothjTxOg,available
Tika (PDF),Pali Tika,1. Vinaya Tika | විනය ටීකා,PT12_V12_Pachithyadiyojana_Tika,https://mega.nz/file/2ioGwRRS#LOAtcVYcHq9_XL0YFXZL8j2ZZ3iPiVSvTm3AmtEu_MY,available
Tika (PDF),Pali Tika,1. Vinaya Tika | විනය ටීකා,PT13_V13_Khuddasikkha_Mulasikkha_Tika,https://mega.nz/file/Xnp2yDKA#RMe-HnmezopFCKzU3K3RXuSw5W0Mn0_9_fIVo_ZSYXQ,available
Tika (PDF),Pali Tika,Dīghanikāya Tika,PT14_DN1_Seelakkandha_Vagga_Tika,https://mega.nz/file/G64wyLTT#Ei4IXWBS_EFFrEXUYZhA-MiYAmUli5AunYxOhtxh7Ok,available
Tika (PDF),Pali Tika,Dīghanikāya Tika,PT15_DN2_Mahavagga_Tika,https://mega.nz/file/fvxQSTrB#pe34TJVlgXE-l3tlua0Uj7SOO36O0ywhdHDrBkctYow,available
Tika (PDF),Pali Tika,Dīghanikāya Tika,PT16_DN3_PatakaVagga_Tika,https://mega.nz/file/C64WkT7b#kx4tdT7dAgXpH_NmhFVY1ZCOnYqdtJx0U5Si3s4RUFc,available
Tika (PDF),Pali Tika,Dīghanikāya Tika,PT17_DN4_Seelakkandha_VaggaAbhinava_1_Tika,https://mega.nz/file/vqoAybrB#LNK000STt61IaIU_BWIgUveiVBRKwUrmVTlgPlqkuuM,available
Tika (PDF),Pali Tika,Dīghanikāya Tika,PT18_DN5_Seelakkandha_VaggaAbhinava_2_Tika,https://mega.nz/file/q342jRaD#uSkQWPaG7SyEF_-y-MgrmiHXEGghpSoKQ3WAwFMh8QQ,available
Tika (PDF),Pali Tika,Majjhimanikāya Tika,PT19_MN1_Mullapannasa_Tika,https://mega.nz/file/i7oAyRRC#pZkLuyumVQHsuHm3tqa1EDAtuqsP4QYv0JxqBHSopLQ,available
Tika (PDF),Pali Tika,Majjhimanikāya Tika,PT20_MN2_Mjjimapanasaya_Tika,https://mega.nz/file/yy5GwZiA#-C_7FsAN6y8LOr6fDXD0D3pK1FpEYi_Rcn5tGCRz8oE,available
Tika (PDF),Pali Tika,Majjhimanikāya Tika,PT21_MN3_Uparipanasaya_Tika,https://mega.nz/file/K7xWgZDL#UseeyHGGEZRAg3QMorXGwFQr05xPgW0SGCTb67X3LGQ,available
Tika (PDF),Pali Tika,Saṃyuttanikāya Tika,PT22_SN1_Sagathavagga_Tika,https://mega.nz/file/rrw2QBgB#P96FRvk6-Vo929-dpMy90gRD9zqpR7JaKN2OvMBN3cI,available
Tika (PDF),Pali Tika,Saṃyuttanikāya Tika,PT23_SN2_Nidanavagga_Tika,https://mega.nz/file/frhnQQhR#XNBBDJfxW2owPUTAJmeIAMFtNLYpwyb-BsTOsdzLRzg,available
Tika (PDF),Pali Tika,Saṃyuttanikāya Tika,PT24_SN3_Kandhavagga_Tika,https://mega.nz/file/Ovp1yKDQ#lLgUfUoez8cKGG0XsgwyHVoisxJ_wiPX-EcodUvVa2c,available
Tika (PDF),Pali Tika,Saṃyuttanikāya Tika,PT25_SN4_Salayathanavagga_Tika,https://mega.nz/file/Ov5zFSDA#-sTF_JH41EuHxvtVVOCfCWcvYVrWBBIZ0dwTSbHnk7o,available
Tika (PDF),Pali Tika,Saṃyuttanikāya Tika,PT26_SN5_Mahavagga_Tika,https://mega.nz/file/Tyw3UAbB#qJ1aflPVEw-gGjAU6lOWXOWmko4NzyM0ebops6fUjlk,available
Tika (PDF),Pali Tika,Aṅguttaranikāya Tika,PT27_AN1_Aekakanipathaya_Tika,https://mega.nz/file/frxilD5b#95w4Blq2qOl2py5-ovYHucfVCaKB_88xhJV4PBKx1vI,available
Tika (PDF),Pali Tika,Aṅguttaranikāya Tika,PT28_AN2_Dukanipathaya_Tika,https://mega.nz/file/yj5UlDKb#JLHMq06gfGoZn0hPMmiloUrO0_G33ZwwQQwy2AoQmLM,available
Tika (PDF),Pali Tika,Aṅguttaranikāya Tika,PT29_AN3_Panchakanipathaya_Tika,https://mega.nz/file/in4WBbAB#dHS9Ep4zmLPQLG28TY1hdHb39K_d027I53FE43B564w,available
Tika (PDF),Pali Tika,Aṅguttaranikāya Tika,PT30_AN4_Attakanipathaya_Tika,https://mega.nz/file/Gz4knbjA#1geC-1xuMHjzCE5MLO1ZdH5SZhO-Mqi_UkuMFDiRSiI,available
Tika (PDF),Pali Tika,Khuddakanikāya Tika (Netti-related),PT31_KN1_Neththippakarana_Tika,https://mega.nz/file/my5UDJZQ#lA_95UW3mcyc3fdgR5LILDSafORLbrG8JlHOOuVQqNE,available
Tika (PDF),Pali Tika,Khuddakanikāya Tika (Netti-related),PT32_KN2_Nethivibhavini_Tika,https://mega.nz/file/TmxyVJra#9tBcS0eNkwCHyJrRsrnnRnLu6SZN5Dw2KANjkrmeg9Y,available
Tika (PDF),Pali Tika,3. Abhidhammapitaka Tika | අභිධර්ම ටීකා,PT33_A1_Dhamma_Sanganee_Tika,https://mega.nz/file/C2xSxRBZ#iJhDr0J5KMIFmw_w2dUp3yWK1DzvMfaFGQIIq8RB2F8,available
Tika (PDF),Pali Tika,3. Abhidhammapitaka Tika | අභිධර්ම ටීකා,PT34_A2_Vibangha_Tika,https://mega.nz/file/jqgWkJhS#U5qNETuUukgKDbQpRvhZXPrgjLc4LJfSyQcHuyCjcns,available
Tika (PDF),Pali Tika,3. Abhidhammapitaka Tika | අභිධර්ම ටීකා,PT35_A3_Panchakapakarana_Tika,https://mega.nz/file/CqhiiRoZ#LxW12Zu1KfvfXEBbrdAAA_HkcjKH1DayYcandz9qVtM,available
Tika (PDF),Pali Tika,3. Abhidhammapitaka Tika | අභිධර්ම ටීකා,PT36_A4_DhammaSanganee_AnuTika_Tika,https://mega.nz/file/PzoCCJyZ#ntgKBjO1V2r1RXtwZ1UD_WTb8sWGZ5O4bC5hUqwVGng,available
Tika (PDF),Pali Tika,3. Abhidhammapitaka Tika | අභිධර්ම ටීකා,PT37_A5_Panchakapakarana_AnuTika_Tika,https://mega.nz/file/fyhkFDgI#S0H--MZ9M_tCou9s0bY3mpbUzilGgSW8G3GWXMMuEg8,available
Tika (PDF),Pali Tika,3. Abhidhammapitaka Tika | අභිධර්ම ටීකා,PT38_A6_Adhidhammavatharo_Tika,https://mega.nz/file/nnpk1RoJ#MiBuP1bCegymvtQY8loAfM9JAvOTFzcU5wgVOMdast8,available
Tika (PDF),Pali Tika,3. Abhidhammapitaka Tika | අභිධර්ම ටීකා,PT39_A7_Adhidhammathasangha_Tika,https://mega.nz/file/DvhQXTQQ#Nk4HeXD8m50fxpnZDn5vo_SjnTcgzkCaupb8jSWLMv8,available
Tika (PDF),Pali Tika,3. Abhidhammapitaka Tika | අභිධර්ම ටීකා,PT40_A8_Adhidhammavathara_Tika,https://mega.nz/file/nyoiVRYY#vPtS-23A8-zSFQM6Q5JSpmh4myU1lVvvrLuQT79hpRc,available
Tika (PDF),Pali Tika,3. Abhidhammapitaka Tika | අභිධර්ම ටීකා,PT41_A9_Adhidhammathikapali_Tika,https://mega.nz/file/br500bSQ#S2NaaTcDonyoTkzbuRnmkNC2Rrp_i7QbTSVQYLKHxAA,available
Other Valuable Books,Abhidhamma | අභිධර්ම,Abhidhamma | අභිධර්ම,අභිධර්මාර්ථ ප්‍රදීපිකා 1,https://mega.nz/file/rugxBQbZ#rrx3yGLRNWJ1Y_3idCj6GOMOldsskhfZtH7h_8zq3mw,available
Other Valuable Books,Abhidhamma | අභිධර්ම,Abhidhamma | අභිධර්ම,අභිධර්මාර්ථ ප්‍රදීපිකා 2,https://mega.nz/file/y2ZHXIwb#Boj2GwmLEzK_lWIYqIQjeso0O8aKReJNq3y_2WS1Nis,available
Other Valuable Books,Abhidhamma | අභිධර්ම,Abhidhamma | අභිධර්ම,අභිධර්මාර්ථ ප්‍රදීපිකා 3,https://mega.nz/file/y6JEQT7T#aPkniyYDQCzE5FO1fnHqn2MlVb6BUg_rTGlPUa_gv5M,available
Other Valuable Books,Abhidhamma | අභිධර්ම,Abhidhamma | අභිධර්ම,අභිධර්මාර්ථ ප්‍රදීපිකා 4,https://mega.nz/file/vv530YLI#VYTPAFP3YuzT-KHHVEBDRnv8d7XBcOtpxilxuKgVDf8,available
Other Valuable Books,Abhidhamma | අභිධර්ම,Abhidhamma | අභිධර්ම,අභිධර්ම චන්ද්‍රිකාව – මාතර ධර්මවංශ හිමි,https://mega.nz/file/HrxRUaRT#2nv5xOrMgJY3zn_I56sxwsh7nVJZPHsLUXI2czA9w68,available
Other Valuable Books,Rerukane Chandawimala Thero | රේරුකාණේ චන්දවිමල හිමි,Rerukane Chandawimala Thero | රේරුකාණේ චන්දවිමල හිමි,Abhidharma Margaya,https://mega.nz/file/jvRwTb7S#6KULF0Uvgep-JhnV2jZmYF1XYJmjzHDf0qgDEGjmJZ0,available
Other Valuable Books,Rerukane Chandawimala Thero | රේරුකාණේ චන්දවිමල හිමි,Rerukane Chandawimala Thero | රේරුකාණේ චන්දවිමල හිමි,Abhidharmaye Mulika Karunu,https://mega.nz/file/nihSFLoY#6oohm9fi7rmE2K1x9at7_NX0DCR6gxSXb8hSCmhebk0,available
Other Valuable Books,Rerukane Chandawimala Thero | රේරුකාණේ චන්දවිමල හිමි,Rerukane Chandawimala Thero | රේරුකාණේ චන්දවිමල හිමි,Bauddhayage Athpotha,https://mega.nz/file/bqgjGJoC#YDnARt-lkZ1iZqadaDS-9Hsd0DiDxAihkNCW8vX6174,available
Other Valuable Books,Rerukane Chandawimala Thero | රේරුකාණේ චන්දවිමල හිමි,Rerukane Chandawimala Thero | රේරුකාණේ චන්දවිමල හිමි,Bodhi Pakshika Dharma,https://mega.nz/file/en42BDIZ#0VdkDKtCIqa_3uH2ZhpLjI7eUoYrRtkpdk-Hy1grqJs,available
Other Valuable Books,Rerukane Chandawimala Thero | රේරුකාණේ චන්දවිමල හිමි,Rerukane Chandawimala Thero | රේරුකාණේ චන්දවිමල හිමි,Bodhi Poojawa,https://mega.nz/file/e3hwADCa#fU1HCUqeK87CzEfzRgoq7whup5WPy9_8a-CcEEAH3XU,available
Other Valuable Books,Rerukane Chandawimala Thero | රේරුකාණේ චන්දවිමල හිමි,Rerukane Chandawimala Thero | රේරුකාණේ චන්දවිමල හිමි,Buddha Neethi Sangrahaya,https://mega.nz/file/Si5gQYyT#YnoXljZsErdljBNB7a66FOmb0EnOpx0eiJ9t_-pjAuQ,available
Other Valuable Books,Rerukane Chandawimala Thero | රේරුකාණේ චන්දවිමල හිමි,Rerukane Chandawimala Thero | රේරුකාණේ චන්දවිමල හිමි,Chathalisakara Maha Vipassana Bhawm,https://mega.nz/file/XrhTiYTA#nn8vs5imJgshc-JV8OrcD9AmkdrW2vu6SjdrdcOVUmM,available
Other Valuable Books,Rerukane Chandawimala Thero | රේරුකාණේ චන්දවිමල හිමි,Rerukane Chandawimala Thero | රේරුකාණේ චන්දවිමල හිමි,Chathurarya Sathya,https://mega.nz/file/37ATETRC#gouYy1CYZ95kmIcjxq1Ohu64FFr47BjXxJVwOKK7ib0,available
Other Valuable Books,Rerukane Chandawimala Thero | රේරුකාණේ චන්දවිමල හිමි,Rerukane Chandawimala Thero | රේරුකාණේ චන්දවිමල හිමි,Dharma Winishchaya,https://mega.nz/file/uyxxARiZ#XuK6Jiy_5F3h-fqBJ0V2u-p-WmjRk8-G33nDBuaZGWA,available
Other Valuable Books,Rerukane Chandawimala Thero | රේරුකාණේ චන්දවිමල හිමි,Rerukane Chandawimala Thero | රේරුකාණේ චන්දවිමල හිමි,Keles Ekdahas Pansiyaya,https://mega.nz/file/aypBEDab#QvOzOZ84zjLyvu9ONiUP-Gv3eem2iKVJ0_IqV8p5ZzA,available
Other Valuable Books,Rerukane Chandawimala Thero | රේරුකාණේ චන්දවිමල හිමි,Rerukane Chandawimala Thero | රේරුකාණේ චන්දවිමල හිමි,Paramitha Prakaranaya,https://mega.nz/file/qnxzXL5S#QaLzM30p_KQaRY6NchmS4TTVbe6P0XEzL0ozn5msVgg,available
Other Valuable Books,Rerukane Chandawimala Thero | රේරුකාණේ චන්දවිමල හිමි,Rerukane Chandawimala Thero | රේරුකාණේ චන්දවිමල හිමි,Patichcha Samuppada Vivarana,https://mega.nz/file/6vh1zAxR#uiR00JmzYlM7t_GutlBDEHQeU8HOu016AdC9cqfayzo,available
Other Valuable Books,Rerukane Chandawimala Thero | රේරුකාණේ චන්දවිමල හිමි,Rerukane Chandawimala Thero | රේරුකාණේ චන්දවිමල හිමි,Pohoya Dinaya,https://mega.nz/file/CuhgSQqZ#sCCIMuQIYxsEuTHbKxhLR7khkbqGePZB-IIQo7OQCb0,available
Other Valuable Books,Rerukane Chandawimala Thero | රේරුකාණේ චන්දවිමල හිමි,Rerukane Chandawimala Thero | රේරුකාණේ චන්දවිමල හිමි,Punyopadeseya,https://mega.nz/file/KqBRCIQa#SdErpFcqgOMc3pqL84yPU3Muqjtl9V1m4fbIS2zdG7c,available
Other Valuable Books,Rerukane Chandawimala Thero | රේරුකාණේ චන්දවිමල හිමි,Rerukane Chandawimala Thero | රේරුකාණේ චන්දවිමල හිමි,Sathipattana Bhawana Kramaya,https://mega.nz/file/yrZjGKxQ#kjj1Z20Eoc3AU_v26c9RISU7NBZ3f-vEiMcXfcTHMqE,available
Other Valuable Books,Rerukane Chandawimala Thero | රේරුකාණේ චන්දවිමල හිමි,Rerukane Chandawimala Thero | රේරුකාණේ චන්දවිමල හිමි,Shasanavatharanaya,https://mega.nz/file/P6ZQxBqT#RB7mYtdyp_OgdQlxgyRIQWCUhpOJFg1EJNGZzNCxD90,available
Other Valuable Books,Rerukane Chandawimala Thero | රේරුකාණේ චන්දවිමල හිමි,Rerukane Chandawimala Thero | රේරුකාණේ චන්දවිමල හිමි,Suvisi Gunaya,https://mega.nz/file/H7I2UDYL#_S6zlr2ahLl80-tWIF9Mcubz31GStXIxyzfBUnelG6s,available
Other Valuable Books,Rerukane Chandawimala Thero | රේරුකාණේ චන්දවිමල හිමි,Rerukane Chandawimala Thero | රේරුකාණේ චන්දවිමල හිමි,Ubhaya Prathimokshaya,https://mega.nz/file/y7RihCZR#iZpPnDnWBkfcEoJU1DiECTw8PygLNVkSS2XBVlhvVcE,available
Other Valuable Books,Rerukane Chandawimala Thero | රේරුකාණේ චන්දවිමල හිමි,Rerukane Chandawimala Thero | රේරුකාණේ චන්දවිමල හිමි,Upasampada Sheelaya,https://mega.nz/file/LmBi3DLI#rEIQ435vTR3Z4xyvPK2MDiz_tMPX9d1RQfuujgTeDKw,available
Other Valuable Books,Rerukane Chandawimala Thero | රේරුකාණේ චන්දවිමල හිමි,Rerukane Chandawimala Thero | රේරුකාණේ චන්දවිමල හිමි,Vidarshana Bhavana Kramaya,https://mega.nz/file/2rRHDAQC#OxmytATgPbpCrlljig9su1VeL3LSVrnP4quVGDTPDGA,available
Other Valuable Books,Rerukane Chandawimala Thero | රේරුකාණේ චන්දවිමල හිමි,Rerukane Chandawimala Thero | රේරුකාණේ චන්දවිමල හිමි,Wanchaka Dharma,https://mega.nz/file/izQCwLpR#vLWfUGZwJtxWR44REaPJrIADsV9EdK5geqtK37fKWwI,available
Other Valuable Books,Rerukane Chandawimala Thero | රේරුකාණේ චන්දවිමල හිමි,Rerukane Chandawimala Thero | රේරුකාණේ චන්දවිමල හිමි,Nirvana winishchaya Punuruppaththi Kramaya,https://mega.nz/file/XrQm2DDS#kXDkka_KC8LymfbCJmdnagFEX1lyhUop8cxKbMvL3fA,available
Other Valuable Books,Rerukane Chandawimala Thero | රේරුකාණේ චන්දවිමල හිමි,Rerukane Chandawimala Thero | රේරුකාණේ චන්දවිමල හිමි,Patthana Maha Prakarana Sannaya,https://mega.nz/file/z6gjmA5D#yDXFl7WqByTLlgJXEcWbcwTqeZORBNj-A5lLgHjfarE,available
Other Valuable Books,Rerukane Chandawimala Thero | රේරුකාණේ චන්දවිමල හිමි,Rerukane Chandawimala Thero | රේරුකාණේ චන්දවිමල හිමි,Vinaya Karma Potha,https://mega.nz/file/G6gEVDZJ#4WKFAEAQoMxB5y1JleIVUjHQwnBB4y7ysC-zczMkIXA,available
Other Valuable Books,Rerukane Chandawimala Thero | රේරුකාණේ චන්දවිමල හිමි,Rerukane Chandawimala Thero | රේරුකාණේ චන්දවිමල හිමි,Mangala Dharma Wistharaya,https://mega.nz/file/PnpAjKDZ#Num-0mBjI3TqxEzYJPrxoEO2PGgIhB4Ttu2WTjrWvSI,available
Other Valuable Books,Rerukane Chandawimala Thero | රේරුකාණේ චන්දවිමල හිමි,Rerukane Chandawimala Thero | රේරුකාණේ චන්දවිමල හිමි,Rerukane Chandawimala Thero,https://mega.nz/file/e2YDCYgJ#FScl2Ld_nfyeKbRn70GkVR7OM0nL2G1sw4LdV40WHAs,available
Other Valuable Books,Other | අතිරේක,HISTORY | ඉතිහාසය,ථූපවංශය පාළි – ධම්මරතන හිමි,https://mega.nz/file/v3pxhAKC#_LWfZ1mic1BO-3jVMIHn6709SlKRBthXW4XFestmviM,available
Other Valuable Books,Other | අතිරේක,HISTORY | ඉතිහාසය,ථූපවංස කථා,https://mega.nz/file/eu43zbrD#5PqHzcPlJm-7wfNIRM8sf4cJkza86Tg4pPPVAheSd9Q,available
Other Valuable Books,Other | අතිරේක,HISTORY | ඉතිහාසය,දාඨාවංශය – රන්ජිත් වනරතන,https://mega.nz/file/KqA2nCpC#tQrKtV_NF8TJl6HLdMTA6T02F0EzZEAIikQwVbsy2L4,available
Other Valuable Books,Other | අතිරේක,HISTORY | ඉතිහාසය,මහාවංශය,https://mega.nz/file/u2BUUQqT#QGfQ0gz9zynE4Z9Mx78f7zlbnXyhwbHCGT1-yeuAsPo,available
Other Valuable Books,Other | අතිරේක,HISTORY | ඉතිහාසය,සිතියම් සහිත සිංහල ථූපවංශය – ගලගම සරණංකර හිමි,https://mega.nz/file/Dqx1WAAS#EE9HLw4iEe18xXjhxPeiYCPnukJorkDg5b5T4OGqNpo,available
Other Valuable Books,Other | අතිරේක,HISTORY | ඉතිහාසය,සිංහල ථූපවංස ගන්ථිපද වර්ණනා – ඒ එස් පෙරේරා,https://mega.nz/file/fzJRELxC#WS32vx4KnT-AXEXRz8OFOzZ9vjwFPNUyR9dkGM3kZNI,available
Other Valuable Books,Other | අතිරේක,HISTORY | ඉතිහාසය,සිංහල දීපවංශය,https://mega.nz/file/X7p1WJCD#VYlMeqXbwsuvXiZoErplGQg7nsML9sUy0V2UbSlAA9Y,available
Other Valuable Books,Other | අතිරේක,Dictionary | ශබ්දකෝෂය,පාලි-සිංහල ශබ්දකෝෂය – මඩිතියවෙල සිරි සුමංගල හිමි,https://mega.nz/file/myJkRbJB#9UsENKnGGVv_0zd35MLxkvqjkZ_9y3ZyOyIHRiBG8QY,available
Other Valuable Books,Other | අතිරේක,Dictionary | ශබ්දකෝෂය,ජිනවචන කෝෂය – මාවිත්තර රේවත හිමි 1956,https://mega.nz/file/q6w3BSjT#QslVPllgsSzmD6OBRDpf8zxrgOKFjkuGPRhKnKm5ABI,available
