"සුත්‍ර නාමය",පිටක​ය,නිකා​ය,වග්ග​ය,"පෙළ පිටු අංක","PDF පෙළ පිටු අංක ","PDF පාළි​ අටුවාව","සිංහල අටුවාව","PDF සිංහල අටුවාව","PDF පාළි ටීකා","පාළි - සිංහල ටීකා"
"බ්‍රහ්මජාල සූත්‍රය","සුත්ත පිටකය","දීඝනිකාය 01","1.සීලස්කන්‍ධ වර්‍ගය","SP_DN1 - 002","""PDF"" SP_DN1 - 017","PA06_DN1 - 021","SA_DN1 - 055","""PDF"" SA_DN1 - 002","PT14_DN1 - 026 / PT17_DN4 - 107","ST_DN1 - 062"
"සාමඤ්ඤඵල සූත්‍රය","සුත්ත පිටකය","දීඝනිකාය 01","1.සීලස්කන්‍ධ වර්‍ගය","SP_DN1 - 082 ","""PDF"" SP_DN1 - 097","PA06_DN1 - 094"," SA_DN1 - 125","""PDF"" SA_DN1 - 071","PT14_DN1 - 160 / PT17_DN4 - 001","ST_DN1 - 384"
"අම්බට්ඨ සූත්‍රය","සුත්ත පිටකය","දීඝනිකාය 01","1.සීලස්කන්‍ධ වර්‍ගය","SP_DN1 - 150","""PDF"" SP_DN1 - 165","PA06_DN1 - 163","SA_DN1 - 218","""PDF"" SA_DN1 - 164","PT14_DN1 - 220 / PT17_DN4 - 101","ST_DN1 - 550"
"සෝණදණ්ඩ සූත්‍රය","සුත්ත පිටකය","දීඝනිකාය 01","1.සීලස්කන්‍ධ වර්‍ගය","SP_DN1 - 222","""PDF"" SP_DN1 - 237","PA06_DN1 - 190","SA_DN1 - 255","""PDF"" SA_DN1 - 201","PT14_DN1 - 240 / PT17_DN4 - 144","ST_DN1 - 604"
"කූටදන්ත සූත්‍රය","සුත්ත පිටකය","දීඝනිකාය 01","1.සීලස්කන්‍ධ වර්‍ගය","SP_DN1 - 248","""PDF"" SP_DN1 - 263","PA06_DN1 - 200","SA_DN1 - 269","""PDF"" SA_DN1 - 215","PT14_DN1 - 247 / PT17_DN4 - 153","ST_DN1 - 622"
"මහාලි සූත්‍රය","සුත්ත පිටකය","දීඝනිකාය 01","1.සීලස්කන්‍ධ වර්‍ගය","SP_DN1 - 324","""PDF"" SP_DN1 - 339","PA06_DN1 - 210","SA_DN1 - 284","""PDF"" SA_DN1 - 230","PT14_DN1 - 258 / PT17_DN4 - 167","ST_DN1 - 652"
"ජාලිය සූත්‍රය","සුත්ත පිටකය","දීඝනිකාය 01","1.සීලස්කන්‍ධ වර්‍ගය","SP_DN1 - 348","""PDF"" SP_DN1 - 363","PA06_DN1 - 215","SA_DN1 - 291","""PDF"" SA_DN1 - 237","PT14_DN1 - 263 / PT17_DN4 - 174","ST_DN1 - 668"
"සිංහනාද සූත්‍රය","සුත්ත පිටකය","දීඝනිකාය 01","1.සීලස්කන්‍ධ වර්‍ගය","SP_DN1 - 356","""PDF"" SP_DN1 - 371","PA06_DN1 - 217","SA_DN1 - 294","""PDF"" SA_DN1 - 240","PT14_DN1 - 265 / PT17_DN4 - 176","ST_DN1 - 674"
"පොට්ඨපාද සූත්‍රය","සුත්ත පිටකය","දීඝනිකාය 01","1.සීලස්කන්‍ධ වර්‍ගය","SP_DN1 - 388","""PDF"" SP_DN1 - 403","PA06_DN1 - 227","SA_DN1 - 307","""PDF"" SA_DN1 - 253","PT14_DN1 - 275 / PT17_DN4 - 187","ST_DN1 - 702"
"ශුභ සූත්‍රය","සුත්ත පිටකය","දීඝනිකාය 01","1.සීලස්කන්‍ධ වර්‍ගය","SP_DN1 - 438","""PDF"" SP_DN1 - 453","PA06_DN1 - 239","SA_DN1 - 325","""PDF"" SA_DN1 - 271","PT14_DN1 - 292 / PT17_DN4 - 205","ST_DN1 - 750"
"කේවට්ට සූත්‍රය","සුත්ත පිටකය","දීඝනිකාය 01","1.සීලස්කන්‍ධ වර්‍ගය","SP_DN1 - 484","""PDF"" SP_DN1 - 499","PA06_DN1 - 242","SA_DN1 - 328","""PDF"" SA_DN1 - 274","PT14_DN1 - 295 / PT17_DN4 - 208","ST_DN1 - 758"
"ලෝහිච්ච සූත්‍රය","සුත්ත පිටකය","දීඝනිකාය 01","1.සීලස්කන්‍ධ වර්‍ගය","SP_DN1 - 540","""PDF"" SP_DN1 - 555","PA06_DN1 - 246","SA_DN1 - 333","""PDF"" SA_DN1 - 279","PT14_DN1 - 301 / PT17_DN4 - 213","ST_DN1 - 772"
"තෙවිජ්ජ සූත්‍රය","සුත්ත පිටකය","දීඝනිකාය 01","1.සීලස්කන්‍ධ වර්‍ගය","SP_DN1 - 594","""PDF"" SP_DN1 - 609","PA06_DN1 - 249","SA_DN1 - 336","""PDF"" SA_DN1 - 282","PT14_DN1 - 303 / PT17_DN4 - 216","ST_DN1 - 778"
"මහාපදාන සූත්‍රය","සුත්ත පිටකය","දීඝනිකාය 02","2.මහා වර්‍ගය","SP_DN2 - 002","""PDF"" SP_DN2 - 017","PA07_DN2 - 001","SA_DN1 - 343","""PDF"" SA_DN1 - 289","PT15_DN2 - 001"," ST_DN2 - 002"
"මහානිදාන සූත්‍රය","සුත්ත පිටකය","දීඝනිකාය 02","2.මහා වර්‍ගය","SP_DN2 - 080","""PDF"" SP_DN2 - 095","PA07_DN2 - 053","SA_DN1 - 418","""PDF"" SA_DN1 - 364","PT15_DN2 - 060"," ST_DN2 - 130"
"මහාපරිනිර්වාණ සූත්‍රය","සුත්ත පිටකය","දීඝනිකාය 02","2.මහා වර්‍ගය","SP_DN2 - 110","""PDF"" SP_DN2 - 125","PA07_DN2 - 079","SA_DN1 - 451","""PDF"" SA_DN1 - 397","PT15_DN2 - 094","ST_DN2 - 202"
"මහාසුදස්සන සූත්‍රය","සුත්ත පිටකය","දීඝනිකාය 02","2.මහා වර්‍ගය","SP_DN2 - 267","""PDF"" SP_DN2 - 281","PA07_DN2 - 157","SA_DN2 - 001","""PDF"" SA_DN2 - 001","PT15_DN2 - 149"," ST_DN2 - 316"
"ජනවසභ සූත්‍රය","සුත්ත පිටකය","දීඝනිකාය 02","2.මහා වර්‍ගය","SP_DN2 - 307","""PDF"" SP_DN2 - 321","PA07_DN2 - 174"," SA_DN2 - 019","""PDF"" SA_DN2 - 019","PT15_DN2 - 159"," ST_DN2 - 334"
"මහාගෝවින්‍ද සූත්‍රය","සුත්ත පිටකය","දීඝනිකාය 02","2.මහා වර්‍ගය","SP_DN2 - 335","""PDF"" SP_DN2 - 350","PA07_DN2 - 181","SA_DN2 - 027","""PDF"" SA_DN2 - 027","PT15_DN2 - 170"," ST_DN2 - 358"
"මහාසමය සූත්‍රය","සුත්ත පිටකය","දීඝනිකාය 02","2.මහා වර්‍ගය","SP_DN2 - 383","""PDF"" SP_DN2 - 398","PA07_DN2 - 200","SA_DN2 - 048","""PDF"" SA_DN2 - 048","PT15_DN2 - 181"," ST_DN2 - 380"
"සක්කපඤ්හ සූත්‍රය","සුත්ත පිටකය","දීඝනිකාය 02","2.මහා වර්‍ගය","SP_DN2 - 397","""PDF"" SP_DN2 - 412","PA07_DN2 - 218","SA_DN2 - 067","""PDF"" SA_DN2 - 067","PT15_DN2 - 192","ST_DN2 - 400"
"මහා සතිපට්ඨාන සූත්‍රය","සුත්ත පිටකය","දීඝනිකාය 02","2.මහා වර්‍ගය","SP_DN2 - 437","""PDF"" SP_DN2 - 452","PA07_DN2 - 251","SA_DN2 - 103","""PDF"" SA_DN2 - 103","PT15_DN2 - 217","ST_DN2 - 452"
"පායාසි සූත්‍රය","සුත්ත පිටකය","දීඝනිකාය 02","2.මහා වර්‍ගය","SP_DN2 - 505","""PDF"" SP_DN2 - 520","PA07_DN2 - 300","SA_DN2 - 161","""PDF"" SA_DN2 - 161","PT15_DN2 - 274","ST_DN2 - 576"
"පාථික සූත්‍රය","සුත්ත පිටකය","දීඝනිකාය 03","3.පාථික වර්‍ගය","SP_DN3 - 003","""PDF"" SP_DN3 - 018","PA08_DN3 - 001","SA_DN2 - 167","""PDF"" SA_DN2 - 167","PT16_DN3 - 001","ST_DN3 - 002"
"උදුම්බරික සූත්‍රය","සුත්ත පිටකය","දීඝනිකාය 03","3.පාථික වර්‍ගය","SP_DN3 - 059","""PDF"" SP_DN3 - 074","PA08_DN3 - 011","SA_DN2 - 180","""PDF"" SA_DN2 - 180","PT16_DN3 - 010","ST_DN3 - 024"
"චක්‍රවර්ති සිංහනාද සූත්‍රය","සුත්ත පිටකය","දීඝනිකාය 03","3.පාථික වර්‍ගය","SP_DN3 - 097","""PDF"" SP_DN3 - 112","PA08_DN3 - 020","SA_DN2 - 190","""PDF"" SA_DN2 - 190","PT16_DN3 - 018","ST_DN3 - 044"
"අග්ගඤ්ඤ සූත්‍රය","සුත්ත පිටකය","දීඝනිකාය 03","3.පාථික වර්‍ගය","SP_DN3 - 137","""PDF"" SP_DN3 - 151","PA08_DN3 - 031","SA_DN2 - 201","""PDF"" SA_DN2 - 201","PT16_DN3 - 027","ST_DN3 - 062"
"සම්පසාදනීය සූත්‍රය","සුත්ත පිටකය","දීඝනිකාය 03","3.පාථික වර්‍ගය","SP_DN3 - 167","""PDF"" SP_DN3 - 182","PA08_DN3 - 041","SA_DN2 - 212","""PDF"" SA_DN2 - 212","PT16_DN3 - 039","ST_DN3 - 090"
"පාසාදික සූත්‍රය","සුත්ත පිටකය","දීඝනිකාය 03","3.පාථික වර්‍ගය","SP_DN3 - 195","""PDF"" SP_DN3 - 210","PA08_DN3 - 066","SA_DN2 - 238","""PDF"" SA_DN2 - 238","PT16_DN3 - 066"," ST_DN3 - 150"
"ලක්ඛණ සූත්‍රය","සුත්ත පිටකය","දීඝනිකාය 03","3.පාථික වර්‍ගය","SP_DN3 - 237","""PDF"" SP_DN3 - 252","PA08_DN3 - 075","SA_DN2 - 249","""PDF"" SA_DN2 - 249","PT16_DN3 - 075","ST_DN3 - 172"
"සිගාලක සූත්‍රය","සුත්ත පිටකය","දීඝනිකාය 03","3.පාථික වර්‍ගය","SP_DN3 - 289","""PDF"" SP_DN3 - 304","PA08_DN3 - 092","SA_DN2 - 266","""PDF"" SA_DN2 - 266","PT16_DN3 - 095","ST_DN3 - 216"
"ආටානාටිය සූත්‍රය","සුත්ත පිටකය","දීඝනිකාය 03","3.පාථික වර්‍ගය","SP_DN3 - 313","""PDF"" SP_DN3 - 328","PA08_DN3 - 106","SA_DN2 - 281","""PDF"" SA_DN2 - 281","PT16_DN3 - 112","ST_DN3 - 250"
"සඞ්ගීති සූත්‍රය","සුත්ත පිටකය","දීඝනිකාය 03","3.පාථික වර්‍ගය","SP_DN3 - 353","""PDF"" SP_DN3 - 368","PA08_DN3 - 114","SA_DN2 - 290","""PDF"" SA_DN2 - 290","PT16_DN3 - 124","ST_DN3 - 276"
"දසුත්තර සූත්‍රය","සුත්ත පිටකය","දීඝනිකාය 03","3.පාථික වර්‍ගය","SP_DN3 - 469","""PDF"" SP_DN3 - 484","PA08_DN3 - 179","SA_DN2 - 357","""PDF"" SA_DN2 - 357","PT16_DN3 - 211","ST_DN3- 452"
"මූලපරියාය සූත්‍රය","සුත්ත පිටකය","මජ්ඣිමනිකාය 01","මූලපණ්ණාසකය 1.මූලපරියාය වර්‍ගය","SP_MN1 - 002","""PDF"" SP_MN1 - 022","PA09_MN1 - 003","SA_MN1 - 022","""PDF"" SA_MN1 - 001","PT19_MN1 - 018","ST_MN1- 038"
"සබ්බාසව සූත්‍රය","සුත්ත පිටකය","මජ්ඣිමනිකාය 01","මූලපණ්ණාසකය 1.මූලපරියාය වර්‍ගය","SP_MN1 - 018","""PDF"" SP_MN1 - 038","PA09_MN1 - 048","SA_MN1 - 081","""PDF"" SA_MN1 - 060","PT19_MN1 - 109","ST_MN1 - 234"
"ධම්මදායාද සූත්‍රය","සුත්ත පිටකය","මජ්ඣිමනිකාය 01","මූලපණ්ණාසකය 1.මූලපරියාය වර්‍ගය","SP_MN1 - 031","""PDF"" SP_MN1 - 050","PA09_MN1 - 071","SA_MN1 - 116","""PDF"" SA_MN1 - 095","PT19_MN1 - 139","ST_MN1 - 300"
"භයභේරව සූත්‍රය","සුත්ත පිටකය","මජ්ඣිමනිකාය 01","මූලපණ්ණාසකය 1.මූලපරියාය වර්‍ගය","SP_MN1 - 039","""PDF"" SP_MN1 - 058","PA09_MN1 - 088","SA_MN1 - 145","""PDF"" SA_MN1 - 124","PT19_MN1 - 159","ST_MN1 - 344"
"අනඞ්ගණ සූත්‍රය","සුත්ත පිටකය","මජ්ඣිමනිකාය 01","මූලපණ්ණාසකය 1.මූලපරියාය වර්‍ගය","SP_MN1 - 055","""PDF"" SP_MN1 - 074","PA09_MN1 - 111","SA_MN1 - 181","""PDF"" SA_MN1 - 160","PT19_MN1 - 187","ST_MN1 - 404"
"ආකඞ්ඛෙය්‍ය සූත්‍රය","සුත්ත පිටකය","මජ්ඣිමනිකාය 01","මූලපණ්ණාසකය 1.මූලපරියාය වර්‍ගය","SP_MN1 - 075","""PDF"" SP_MN1 - 094","PA09_MN1 - 124","SA_MN1 - 201","""PDF"" SA_MN1 - 180","PT19_MN1 - 197","ST_MN1 - 428"
"වත්‍ථුපම සූත්‍රය","සුත්ත පිටකය","මජ්ඣිමනිකාය 01","මූලපණ්ණාසකය 1.මූලපරියාය වර්‍ගය","SP_MN1 - 083","""PDF"" SP_MN1 - 102","PA09_MN1 - 133","SA_MN1 - 215","""PDF"" SA_MN1 - 194","PT19_MN1 - 207","ST_MN1 - 450"
"සල්ලේඛ සූත්‍රය","සුත්ත පිටකය","මජ්ඣිමනිකාය 01","මූලපණ්ණාසකය 1.මූලපරියාය වර්‍ගය","SP_MN1 - 093","""PDF"" SP_MN1 - 112","PA09_MN1 - 144","SA_MN1 - 234","""PDF"" SA_MN1 - 213","PT19_MN1 - 219","ST_MN1 - 476"
"සම්මාදිට්ඨි සූත්‍රය","සුත්ත පිටකය","මජ්ඣිමනිකාය 01","මූලපණ්ණාසකය 1.මූලපරියාය වර්‍ගය","SP_MN1 - 111","""PDF"" SP_MN1 - 130","PA09_MN1 - 155","SA_MN1 - 253","""PDF"" SA_MN1 - 231","PT19_MN1 - 229","ST_MN1 - 498"
"සතිපට්ඨාන සූත්‍රය","සුත්ත පිටකය","මජ්ඣිමනිකාය 01","මූලපණ්ණාසකය 1.මූලපරියාය වර්‍ගය","SP_MN1 - 135","""PDF"" SP_MN1 - 154","PA09_MN1 - 179","SA_MN1 - 288","""PDF"" SA_MN1 - 267","PT19_MN1 - 253","ST_MN1 - 548"
"චුළසීහනාද සූත්‍රය","සුත්ත පිටකය","මජ්ඣිමනිකාය 01","මූලපණ්ණාසකය 2.සීහනාද වර්‍ගය","SP_MN1 - 155","""PDF"" SP_MN1 - 174","PA09_MN1 - 239","SA_MN2 - 001","""PDF"" SA_MN2 - 001","PT19_MN1 - 305","ST_MN1-II - 002"
"මහාසීහනාද සූත්‍රය","සුත්ත පිටකය","මජ්ඣිමනිකාය 01","මූලපණ්ණාසකය 2.සීහනාද වර්‍ගය","SP_MN1 - 165","""PDF"" SP_MN1 - 184","PA09_MN1 - 253","SA_MN2 - 023","""PDF"" SA_MN2 - 023","PT19_MN1 - 316","ST_MN1-II  - 028"
"මහාදුක්ඛක්ඛන්‍ධ සූත්‍රය","සුත්ත පිටකය","මජ්ඣිමනිකාය 01","මූලපණ්ණාසකය 2.සීහනාද වර්‍ගය","SP_MN1 - 201","""PDF"" SP_MN1 - 220","PA09_MN1 - 280","SA_MN2 - 060","""PDF"" SA_MN2 - 060","PT19_MN1 - 335","ST_MN1-II  - 072"
"චුළදුක්ඛක්ඛන්‍ධ සූත්‍රය","සුත්ත පිටකය","මජ්ඣිමනිකාය 01","මූලපණ්ණාසකය 2.සීහනාද වර්‍ගය","SP_MN1 - 215","""PDF"" SP_MN1 - 234","PA09_MN1 - 285","SA_MN2 - 066","""PDF"" SA_MN2 - 066","PT19_MN1 - 339","ST_MN1-II  - 082"
"අනුමාන සූත්‍රය","සුත්ත පිටකය","මජ්ඣිමනිකාය 01","මූලපණ්ණාසකය 2.සීහනාද වර්‍ගය","SP_MN1 - 229","""PDF"" SP_MN1 - 248","PA09_MN1 - 288","SA_MN2 - 071","""PDF"" SA_MN2 - 071","PT19_MN1 - 342","ST_MN1-II  - 088"
"චෙතෝඛිල සූත්‍රය","සුත්ත පිටකය","මජ්ඣිමනිකාය 01","මූලපණ්ණාසකය 2.සීහනාද වර්‍ගය","SP_MN1 - 253","""PDF"" SP_MN1 - 272","PA09_MN1 - 290","SA_MN2 - 073","""PDF"" SA_MN2 - 073","PT19_MN1 - 344","ST_MN1-II  - 092"
"වනපත්‍ථ සූත්‍රය","සුත්ත පිටකය","මජ්ඣිමනිකාය 01","මූලපණ්ණාසකය 2.සීහනාද වර්‍ගය","SP_MN1 - 265","""PDF"" SP_MN1 - 284","PA09_MN1 - 292","SA_MN2 - 077","""PDF"" SA_MN2 - 077","PT19_MN1 - 348","ST_MN1-II  - 102"
"මධුපිණ්ඩික සූත්‍රය","සුත්ත පිටකය","මජ්ඣිමනිකාය 01","මූලපණ්ණාසකය 2.සීහනාද වර්‍ගය","SP_MN1 - 273","""PDF"" SP_MN1 - 292","PA09_MN1 - 293","SA_MN2 - 078","""PDF"" SA_MN2 - 078","PT19_MN1 - 349","ST_MN1-II  - 106"
"ද්වේධා විතක්ක සූත්‍රය","සුත්ත පිටකය","මජ්ඣිමනිකාය 01","මූලපණ්ණාසකය 2.සීහනාද වර්‍ගය","SP_MN1 - 289","""PDF"" SP_MN1 - 308","PA09_MN1 - 298","SA_MN2 - 085","""PDF"" SA_MN2 - 085","PT19_MN1 - 356","ST_MN1-II  - 122"
"විතක්කසණ්ඨාන සූත්‍රය","සුත්ත පිටකය","මජ්ඣිමනිකාය 01","මූලපණ්ණාසකය 2.සීහනාද වර්‍ගය","SP_MN1 - 301","""PDF"" SP_MN1 - 320","PA09_MN1 - 304","SA_MN2 - 094","""PDF"" SA_MN2 - 094","PT19_MN1 - 360","ST_MN1-II  - 132"
"කකචූපම සූත්‍රය","සුත්ත පිටකය","මජ්ඣිමනිකාය 01","මූලපණ්ණාසකය 3.ඕපම්ම වර්‍ගය","SP_MN1 - 309","""PDF"" SP_MN1 - 328","PA09_MN1 - 310","SA_MN2 - 103","""PDF"" SA_MN2 - 103","PT19_MN1 - 365","ST_MN1-II  - 142"
"අලගද්දූපම සූත්‍රය","සුත්ත පිටකය","මජ්ඣිමනිකාය 01","මූලපණ්ණාසකය 3.ඕපම්ම වර්‍ගය","SP_MN1 - 325","""PDF"" SP_MN1 - 344","PA09_MN1 - 316","SA_MN2 - 111","""PDF"" SA_MN2 - 111","PT19_MN1 - 368","ST_MN1-II  - 150"
"වම්මික සූත්‍රය","සුත්ත පිටකය","මජ්ඣිමනිකාය 01","මූලපණ්ණාසකය 3.ඕපම්ම වර්‍ගය","SP_MN1 - 355","""PDF"" SP_MN1 - 374","PA09_MN1 - 329","SA_MN2 - 130","""PDF"" SA_MN2 - 130","PT19_MN1 - 382","ST_MN1-II  - 182"
"රථවිනීත සූත්‍රය","සුත්ත පිටකය","මජ්ඣිමනිකාය 01","මූලපණ්ණාසකය 3.ඕපම්ම වර්‍ගය","SP_MN1 - 363","""PDF"" SP_MN1 - 382","PA09_MN1 - 339","SA_MN2 - 145","""PDF"" SA_MN2 - 145","PT19_MN1 - 388","ST_MN1-II  - 194"
"නිවාප සූත්‍රය","සුත්ත පිටකය","මජ්ඣිමනිකාය 01","මූලපණ්ණාසකය 3.ඕපම්ම වර්‍ගය","SP_MN1 - 375","""PDF"" SP_MN1 - 394","PA09_MN1 - 358","SA_MN2 - 173","""PDF"" SA_MN2 - 173","PT19_MN1 - 398","ST_MN1-II  - 216"
"අරියපරියේසන සූත්‍රය","සුත්ත පිටකය","මජ්ඣිමනිකාය 01","මූලපණ්ණාසකය 3.ඕපම්ම වර්‍ගය","SP_MN1 - 395","""PDF"" SP_MN1 - 414","PA09_MN1 - 361","SA_MN2 - 177","""PDF"" SA_MN2 - 177","PT19_MN1 - 400","ST_MN1-II  - 222"
"චූළහත්‍ථිපදෝපම සූත්‍රය","සුත්ත පිටකය","මජ්ඣිමනිකාය 01","මූලපණ්ණාසකය 3.ඕපම්ම වර්‍ගය","SP_MN1 - 427","""PDF"" SP_MN1 - 446","PA09_MN1 - 383","SA_MN2 - 207","""PDF"" SA_MN2 - 207","PT19_MN1 - 415","ST_MN1-II  - 254"
"මහාහත්‍ථිපදෝපම සූත්‍රය","සුත්ත පිටකය","මජ්ඣිමනිකාය 01","මූලපණ්ණාසකය 3.ඕපම්ම වර්‍ගය","SP_MN1 - 449","""PDF"" SP_MN1 - 468","PA09_MN1 - 400","SA_MN2 - 232","""PDF"" SA_MN2 - 232","PT19_MN1 - 430","ST_MN1-II  - 288"
"මහාසාරෝපම සූත්‍රය","සුත්ත පිටකය","මජ්ඣිමනිකාය 01","මූලපණ්ණාසකය 3.ඕපම්ම වර්‍ගය","SP_MN1 - 463","""PDF"" SP_MN1 - 482","PA09_MN1 - 410","SA_MN2 - 246","""PDF"" SA_MN2 - 246","PT19_MN1 - 440","ST_MN1-II  - 312"
"චූළසාරෝපම සූත්‍රය","සුත්ත පිටකය","මජ්ඣිමනිකාය 01","මූලපණ්ණාසකය 3.ඕපම්ම වර්‍ගය","SP_MN1 - 479","""PDF"" SP_MN1 - 498","PA09_MN1 - 411","SA_MN2 - 247","""PDF"" SA_MN2 - 247","PT19_MN1 - 442","ST_MN1-II  - 316"
"චූළගෝසිඞ්ග සූත්‍රය","සුත්ත පිටකය","මජ්ඣිමනිකාය 01","මූලපණ්ණාසකය 4.මහා යමක වර්‍ගය","SP_MN1 - 495","""PDF"" SP_MN1 - 514","PA09_MN1 - 412","SA_MN2 - 250","""PDF"" SA_MN2 - 250","PT19_MN1 - 442","ST_MN1-II  - 318"
"මහාගෝසිඞ්ග සූත්‍රය","සුත්ත පිටකය","මජ්ඣිමනිකාය 01","මූලපණ්ණාසකය 4.මහා යමක වර්‍ගය","SP_MN1 - 509","""PDF"" SP_MN1 - 528","PA09_MN1 - 420","SA_MN2 - 260","""PDF"" SA_MN2 - 260","PT19_MN1 - 447","ST_MN1-II  - 328"
"මහාගෝපාලක සූත්‍රය","සුත්ත පිටකය","මජ්ඣිමනිකාය 01","මූලපණ්ණාසකය 4.මහා යමක වර්‍ගය","SP_MN1 - 527","""PDF"" SP_MN1 - 546","PA09_MN1 - 429","SA_MN2 - 273","""PDF"" SA_MN2 - 273","PT19_MN1 - 452","ST_MN1-II  - 340"
"චූළගෝපාලක සූත්‍රය","සුත්ත පිටකය","මජ්ඣිමනිකාය 01","මූලපණ්ණාසකය 4.මහා යමක වර්‍ගය","SP_MN1 - 537","""PDF"" SP_MN1 - 556","PA09_MN1 - 434","SA_MN2 - 281","""PDF"" SA_MN2 - 281","PT19_MN1 - 457","ST_MN1-II  - 352"
"චූළසච්චක සූත්‍රය","සුත්ත පිටකය","මජ්ඣිමනිකාය 01","මූලපණ්ණාසකය 4.මහා යමක වර්‍ගය","SP_MN1 - 541","""PDF"" SP_MN1 - 560","PA09_MN1 - 436","SA_MN2 - 284","""PDF"" SA_MN2 - 284","PT19_MN1 - 458","ST_MN1-II  - 356"
"මහාසච්චක සූත්‍රය","සුත්ත පිටකය","මජ්ඣිමනිකාය 01","මූලපණ්ණාසකය 4.මහා යමක වර්‍ගය","SP_MN1 - 561","""PDF"" SP_MN1 - 580","PA09_MN1 - 447","SA_MN2 - 301","""PDF"" SA_MN2 - 301","PT19_MN1 - 465","ST_MN1-II  - 372"
"චූළතණ්හාසඞ්ඛය සූත්‍රය","සුත්ත පිටකය","මජ්ඣිමනිකාය 01","මූලපණ්ණාසකය 4.මහා යමක වර්‍ගය","SP_MN1 - 593","""PDF"" SP_MN1 - 612","PA09_MN1 - 456","SA_MN2 - 313","""PDF"" SA_MN2 - 313","PT19_MN1 - 471","ST_MN1-II  - 386"
"මහාතණ්හාසඞ්ඛය සූත්‍රය","සුත්ත පිටකය","මජ්ඣිමනිකාය 01","මූලපණ්ණාසකය 4.මහා යමක වර්‍ගය","SP_MN1 - 603","""PDF"" SP_MN1 - 622","PA09_MN1 - 463","SA_MN2 - 323","""PDF"" SA_MN2 - 323","PT19_MN1 - 475","ST_MN1-II  - 396"
"මහාඅස්සපුර සූත්‍රය","සුත්ත පිටකය","මජ්ඣිමනිකාය 01","මූලපණ්ණාසකය 4.මහා යමක වර්‍ගය","SP_MN1 - 633","""PDF"" SP_MN1 - 652","PA09_MN1 - 468","SA_MN2 - 330","""PDF"" SA_MN2 - 330","PT19_MN1 - 480","ST_MN1-II  - 410"
"චූළඅස්සපුර සූත්‍රය","සුත්ත පිටකය","මජ්ඣිමනිකාය 01","මූලපණ්ණාසකය 4.මහා යමක වර්‍ගය","SP_MN1 - 653","""PDF"" SP_MN1 - 672","PA09_MN1 - 477","SA_MN2 - 343","""PDF"" SA_MN2 - 343","PT19_MN1 - 488","ST_MN1-II  - 428"
"සාලෙය්‍යක සූත්‍රය","සුත්ත පිටකය","මජ්ඣිමනිකාය 01","මූලපණ්ණාසකය 5.චූල යමක වර්‍ගය","SP_MN1 - 663","""PDF"" SP_MN1 - 682","PA09_MN1 - 479","SA_MN2 - 345","""PDF"" SA_MN2 - 345","PT19_MN1 - 490","ST_MN1-II  - 432"
"වේරඤ්ජක සූත්‍රය","සුත්ත පිටකය","මජ්ඣිමනිකාය 01","මූලපණ්ණාසකය 5.චූල යමක වර්‍ගය","SP_MN1 - 673","""PDF"" SP_MN1 - 692","PA09_MN1 - 484","SA_MN2 - 352","""PDF"" SA_MN2 - 352","PT19_MN1 - 497","ST_MN1-II  - 450"
"මහාවේදල්ල සූත්‍රය","සුත්ත පිටකය","මජ්ඣිමනිකාය 01","මූලපණ්ණාසකය 5.චූල යමක වර්‍ගය","SP_MN1 - 685","""PDF"" SP_MN1 - 704","PA09_MN1 - 484","SA_MN2 - 353","""PDF"" SA_MN2 - 353","PT19_MN1 - 498","ST_MN1-II  - 452"
"චූළවේදල්ල සූත්‍රය","සුත්ත පිටකය","මජ්ඣිමනිකාය 01","මූලපණ්ණාසකය 5.චූල යමක වර්‍ගය","SP_MN1 - 703","""PDF"" SP_MN1 - 722","PA09_MN1 - 500","SA_MN2 - 375","""PDF"" SA_MN2 - 375","PT19_MN1 - 517","ST_MN1-II  - 494"
"චූළධම්මසමාදාන සූත්‍රය","සුත්ත පිටකය","මජ්ඣිමනිකාය 01","මූලපණ්ණාසකය 5.චූල යමක වර්‍ගය","SP_MN1 - 719","""PDF"" SP_MN1 - 738","PA09_MN1 - 511","SA_MN2 - 392","""PDF"" SA_MN2 - 392","PT19_MN1 - 527","ST_MN1-II  - 518"
"මහාධම්මසමාදාන සූත්‍රය","සුත්ත පිටකය","මජ්ඣිමනිකාය 01","මූලපණ්ණාසකය 5.චූල යමක වර්‍ගය","SP_MN1 - 729","""PDF"" SP_MN1 - 748","PA09_MN1 - 513","SA_MN2 - 395","""PDF"" SA_MN2 - 395","PT19_MN1 - 530","ST_MN1-II  - 524"
"විමංසක සූත්‍රය","සුත්ත පිටකය","මජ්ඣිමනිකාය 01","මූලපණ්ණාසකය 5.චූල යමක වර්‍ගය","SP_MN1 - 745","""PDF"" SP_MN1 - 764","PA09_MN1 - 516","SA_MN2 - 399","""PDF"" SA_MN2 - 399","PT19_MN1 - 532","ST_MN1-II  - 530"
"කෝසම්බිය සූත්‍රය","සුත්ත පිටකය","මජ්ඣිමනිකාය 01","මූලපණ්ණාසකය 5.චූල යමක වර්‍ගය","SP_MN1 - 753","""PDF"" SP_MN1 - 772","PA09_MN1 - 524","SA_MN2 - 412","""PDF"" SA_MN2 - 412","PT19_MN1 - 537","ST_MN1-II  - 542"
"බ්‍රහ්මනිමන්තනික සූත්‍රය","සුත්ත පිටකය","මජ්ඣිමනිකාය 01","මූලපණ්ණාසකය 5.චූල යමක වර්‍ගය","SP_MN1 - 765","""PDF"" SP_MN1 - 784","PA09_MN1 - 535","SA_MN2 - 427","""PDF"" SA_MN2 - 427","PT19_MN1 - 542","ST_MN1-II  - 554"
"මාරතජ්ජනිය සූත්‍රය","සුත්ත පිටකය","මජ්ඣිමනිකාය 01","මූලපණ්ණාසකය 5.චූල යමක වර්‍ගය","SP_MN1 - 777","""PDF"" SP_MN1 - 796","PA09_MN1 - 543","SA_MN2 - 438","""PDF"" SA_MN2 - 438","PT19_MN1 - 549","ST_MN1-II  - 570"
"කන්‍දරක සූත්‍රය","සුත්ත පිටකය","මජ්ඣිමනිකාය 02","මජ්ඣිමපණ්ණාසකය 1.ගහපති වර්‍ගය","SP_MN2 - 003","""PDF"" SP_MN2 - 018","PA10_MN2 - 001","SA_MN3 - 001","""PDF"" SA_MN3 - 001","PT20_MN2 - 001","ST_MN2 - 002"
"අට්ඨකනාගර සූත්‍රය","සුත්ත පිටකය","මජ්ඣිමනිකාය 02","මජ්ඣිමපණ්ණාසකය 1.ගහපති වර්‍ගය","SP_MN2 - 021","""PDF"" SP_MN2  - 036","PA10_MN2 - 006","SA_MN3 - 009","""PDF"" SA_MN3 - 009","PT20_MN2 - 005","ST_MN2 - 012"
"සේඛ සූත්‍රය","සුත්ත පිටකය","මජ්ඣිමනිකාය 02","මජ්ඣිමපණ්ණාසකය 1.ගහපති වර්‍ගය","SP_MN2 - 029","""PDF"" SP_MN2  - 044","PA10_MN2 - 009","SA_MN3 - 011","""PDF"" SA_MN3 - 011","PT20_MN2 - 007","ST_MN2 - 018"
"පෝතලිය සූත්‍රය","සුත්ත පිටකය","මජ්ඣිමනිකාය 02","මජ්ඣිමපණ්ණාසකය 1.ගහපති වර්‍ගය","SP_MN2 - 039","""PDF"" SP_MN2  - 054","PA10_MN2 - 019","SA_MN3 - 027","""PDF"" SA_MN3 - 027","PT20_MN2 - 015","ST_MN2 - 034"
"ජීවක සූත්‍රය","සුත්ත පිටකය","මජ්ඣිමනිකාය 02","මජ්ඣිමපණ්ණාසකය 1.ගහපති වර්‍ගය","SP_MN2 - 055","""PDF"" SP_MN2  - 070","PA10_MN2 - 024","SA_MN3 - 033","""PDF"" SA_MN3 - 033","PT20_MN2 - 018","ST_MN2 - 042"
"උපාලි සූත්‍රය","සුත්ත පිටකය","මජ්ඣිමනිකාය 02","මජ්ඣිමපණ්ණාසකය 1.ගහපති වර්‍ගය","SP_MN2 - 061","""PDF"" SP_MN2  - 076","PA10_MN2 - 028","SA_MN3 - 038","""PDF"" SA_MN3 - 038","PT20_MN2 - 021","ST_MN2 - 048"
"කුක්කුරවතිය සූත්‍රය","සුත්ත පිටකය","මජ්ඣිමනිකාය 02","මජ්ඣිමපණ්ණාසකය 1.ගහපති වර්‍ගය","SP_MN2 - 085","""PDF"" SP_MN2 - 100","PA10_MN2 - 054","SA_MN3 - 072","""PDF"" SA_MN3 - 072","PT20_MN2 - 033","ST_MN2 - 072"
"අභයරාජ කුමාර සූත්‍රය","සුත්ත පිටකය","මජ්ඣිමනිකාය 02","මජ්ඣිමපණ්ණාසකය 1.ගහපති වර්‍ගය","SP_MN2 - 093","""PDF"" SP_MN2 - 108","PA10_MN2 - 058","SA_MN3 - 077","""PDF"" SA_MN3 - 077","PT20_MN2 - 037","ST_MN2 - 078"
"බහුවේදනීය සූත්‍රය","සුත්ත පිටකය","මජ්ඣිමනිකාය 02","මජ්ඣිමපණ්ණාසකය 1.ගහපති වර්‍ගය","SP_MN2 - 101","""PDF"" SP_MN2 - 116","PA10_MN2 - 061","SA_MN3 - 081","""PDF"" SA_MN3 - 081","PT20_MN2 - 038","ST_MN2 - 082"
"අපණ්ණක සූත්‍රය","සුත්ත පිටකය","මජ්ඣිමනිකාය 02","මජ්ඣිමපණ්ණාසකය 1.ගහපති වර්‍ගය","SP_MN2 - 109","""PDF"" SP_MN2 - 124","PA10_MN2 - 062","SA_MN3 - 082","""PDF"" SA_MN3 - 082","PT20_MN2 - 040","ST_MN2 - 084"
"අම්බලට්ඨිකරාහුලෝවාද සූත්‍රය","සුත්ත පිටකය","මජ්ඣිමනිකාය 02","මජ්ඣිමපණ්ණාසකය 2.භික්ඛු වර්‍ගය","SP_MN2 - 131","""PDF"" SP_MN2 - 146","PA10_MN2 - 067","SA_MN3 - 089","""PDF"" SA_MN3 - 089","PT20_MN2 - 045","ST_MN2 - 096"
"මහාරාහුලෝවාද සූත්‍රය","සුත්ත පිටකය","මජ්ඣිමනිකාය 02","මජ්ඣිමපණ්ණාසකය 2.භික්ඛු වර්‍ගය","SP_MN2 - 143","""PDF"" SP_MN2 - 158","PA10_MN2 - 069","SA_MN3 - 092","""PDF"" SA_MN3 - 092","PT20_MN2 - 047","ST_MN2 - 100"
"චූළමාලුඞ්ක්‍ය සූත්‍රය","සුත්ත පිටකය","මජ්ඣිමනිකාය 02","මජ්ඣිමපණ්ණාසකය 2.භික්ඛු වර්‍ගය","SP_MN2 - 153","""PDF"" SP_MN2 - 168","PA10_MN2 - 076","SA_MN3 - 101","""PDF"" SA_MN3 - 101","PT20_MN2 - 050","ST_MN2 - 106"
"මහාමාලුඞ්ක්‍ය සූත්‍රය","සුත්ත පිටකය","මජ්ඣිමනිකාය 02","මජ්ඣිමපණ්ණාසකය 2.භික්ඛු වර්‍ගය","SP_MN2 - 165","""PDF"" SP_MN2 - 180","PA10_MN2 - 077","SA_MN3 - 103","""PDF"" SA_MN3 - 103","PT20_MN2 - 051","ST_MN2 - 110"
"භද්දාලි සූත්‍රය","සුත්ත පිටකය","මජ්ඣිමනිකාය 02","මජ්ඣිමපණ්ණාසකය 2.භික්ඛු වර්‍ගය","SP_MN2 - 175","""PDF"" SP_MN2 - 190","PA10_MN2 - 079","SA_MN3 - 106","""PDF"" SA_MN3 - 106","PT20_MN2 - 054","ST_MN2 - 118"
"ලටුකිකොපම සූත්‍රය","සුත්ත පිටකය","මජ්ඣිමනිකාය 02","මජ්ඣිමපණ්ණාසකය 2.භික්ඛු වර්‍ගය","SP_MN2 - 191","""PDF"" SP_MN2 - 206","PA10_MN2 - 087","SA_MN3 - 116","""PDF"" SA_MN3 - 116","PT20_MN2 - 057","ST_MN2 - 126"
"චාතුම සූත්‍රය","සුත්ත පිටකය","මජ්ඣිමනිකාය 02","මජ්ඣිමපණ්ණාසකය 2.භික්ඛු වර්‍ගය","SP_MN2 - 207","""PDF"" SP_MN2 - 222","PA10_MN2 - 091","SA_MN3 - 121","""PDF"" SA_MN3 - 121","PT20_MN2 - 060","ST_MN2 - 132"
"නළකපාන සූත්‍රය","සුත්ත පිටකය","මජ්ඣිමනිකාය 02","මජ්ඣිමපණ්ණාසකය 2.භික්ඛු වර්‍ගය","SP_MN2 - 217","""PDF"" SP_MN2 - 232","PA10_MN2 - 094","SA_MN3 - 125","""PDF"" SA_MN3 - 125","PT20_MN2 - 062","ST_MN2 - 136"
"ගුලිස්සානි සූත්‍රය","සුත්ත පිටකය","මජ්ඣිමනිකාය 02","මජ්ඣිමපණ්ණාසකය 2.භික්ඛු වර්‍ගය","SP_MN2 - 229","""PDF"" SP_MN2 - 244","PA10_MN2 - 097","SA_MN3 - 128","""PDF"" SA_MN3 - 128","PT20_MN2 - 063","ST_MN2 - 138"
"කීටාගිරි සූත්‍රය","සුත්ත පිටකය","මජ්ඣිමනිකාය 02","මජ්ඣිමපණ්ණාසකය 2.භික්ඛු වර්‍ගය","SP_MN2 - 237","""PDF"" SP_MN2 - 252","PA10_MN2 - 098","SA_MN3 - 130","""PDF"" SA_MN3 - 130","PT20_MN2 - 064","ST_MN2 - 140"
"තේවිජ්ජවච්ඡගොත්ත සූත්‍රය","සුත්ත පිටකය","මජ්ඣිමනිකාය 02","මජ්ඣිමපණ්ණාසකය 3.පරිබ්බාජක වර්‍ගය","SP_MN2 - 253","""PDF"" SP_MN2 - 268","PA10_MN2 - 103","SA_MN3 - 136","""PDF"" SA_MN3 - 136","PT20_MN2 - 070","ST_MN2 - 152"
"අග්ගිවච්ඡගොත්ත සූත්‍රය","සුත්ත පිටකය","මජ්ඣිමනිකාය 02","මජ්ඣිමපණ්ණාසකය 3.පරිබ්බාජක වර්‍ගය","SP_MN2 - 257","""PDF"" SP_MN2 - 272","PA10_MN2 - 104","SA_MN3 - 137","""PDF"" SA_MN3 - 137","PT20_MN2 - 071","ST_MN2 - 154"
"මහාවච්ඡගොත්ත සූත්‍රය","සුත්ත පිටකය","මජ්ඣිමනිකාය 02","මජ්ඣිමපණ්ණාසකය 3.පරිබ්බාජක වර්‍ගය","SP_MN2 - 267","""PDF"" SP_MN2 - 282","PA10_MN2 - 205","SA_MN3 - 138","""PDF"" SA_MN3 - 138","PT20_MN2 - 073","ST_MN2 - 158"
"දීඝනඛ සූත්‍රය","සුත්ත පිටකය","මජ්ඣිමනිකාය 02","මජ්ඣිමපණ්ණාසකය 3.පරිබ්බාජක වර්‍ගය","SP_MN2 - 281","""PDF"" SP_MN2 - 296","PA10_MN2 - 107","SA_MN3 - 141","""PDF"" SA_MN3 - 141","PT20_MN2 - 075","ST_MN2 - 164"
"මාගන්‍දිය සූත්‍රය","සුත්ත පිටකය","මජ්ඣිමනිකාය 02","මජ්ඣිමපණ්ණාසකය 3.පරිබ්බාජක වර්‍ගය","SP_MN2 - 289","""PDF"" SP_MN2 - 304","PA10_MN2 - 111","SA_MN3 - 146","""PDF"" SA_MN3 - 146","PT20_MN2 - 079","ST_MN2 - 174"
"සන්‍දක සූත්‍රය","සුත්ත පිටකය","මජ්ඣිමනිකාය 02","මජ්ඣිමපණ්ණාසකය 3.පරිබ්බාජක වර්‍ගය","SP_MN2 - 309","""PDF"" SP_MN2 - 324","PA10_MN2 - 117","SA_MN3 - 153","""PDF"" SA_MN3 - 153","PT20_MN2 - 083","ST_MN2 - 182"
"මහා සකුලුදායී සූත්‍රය","සුත්ත පිටකය","මජ්ඣිමනිකාය 02","මජ්ඣිමපණ්ණාසකය 3.පරිබ්බාජක වර්‍ගය","SP_MN2 - 333","""PDF"" SP_MN2 - 348","PA10_MN2 - 123","SA_MN3 - 161","""PDF"" SA_MN3 - 161","PT20_MN2 - 087","ST_MN2 - 190"
"සමණමණ්දඩිකා සූත්‍රය","සුත්ත පිටකය","මජ්ඣිමනිකාය 02","මජ්ඣිමපණ්ණාසකය 3.පරිබ්බාජක වර්‍ගය","SP_MN2 - 367","""PDF"" SP_MN2 - 382","PA10_MN2 - 138","SA_MN3 - 179","""PDF"" SA_MN3 - 179","PT20_MN2 - 098","ST_MN2 - 214"
"චූළසකුලුදායි සූත්‍රය","සුත්ත පිටකය","මජ්ඣිමනිකාය 02","මජ්ඣිමපණ්ණාසකය 3.පරිබ්බාජක වර්‍ගය","SP_MN2 - 377","""PDF"" SP_MN2 - 392","PA10_MN2 - 140","SA_MN3 - 182","""PDF"" SA_MN3 - 182","PT20_MN2 - 100","ST_MN2 - 220"
"වෙඛනස්ස සූත්‍රය","සුත්ත පිටකය","මජ්ඣිමනිකාය 02","මජ්ඣිමපණ්ණාසකය 3.පරිබ්බාජක වර්‍ගය","SP_MN2 - 395","""PDF"" SP_MN2 - 410","PA10_MN2 - 144","SA_MN3 - 186","""PDF"" SA_MN3 - 186","PT20_MN2 - 102","ST_MN2 - 224"
"ඝටීකාර සූත්‍රය","සුත්ත පිටකය","මජ්ඣිමනිකාය 02","මජ්ඣිමපණ්ණාසකය 4.රාජ වර්‍ගය","SP_MN2 - 405","""PDF"" SP_MN2 - 420","PA10_MN2 - 145","SA_MN3 - 188","""PDF"" SA_MN3 - 188","PT20_MN2 - 103","ST_MN2 - 226"
"රට්ඨපාල සූත්‍රය","සුත්ත පිටකය","මජ්ඣිමනිකාය 02","මජ්ඣිමපණ්ණාසකය 4.රාජ වර්‍ගය","SP_MN2 - 421","""PDF"" SP_MN2 - 436","PA10_MN2 - 150","SA_MN3 - 194","""PDF"" SA_MN3 - 194","PT20_MN2 - 107","ST_MN2 - 234"
"මඛාදේව සූත්‍රය","සුත්ත පිටකය","මජ්ඣිමනිකාය 02","මජ්ඣිමපණ්ණාසකය 4.රාජ වර්‍ගය","SP_MN2 - 453","""PDF"" SP_MN2 - 468","PA10_MN2 - 160","SA_MN3 - 207","""PDF"" SA_MN3 - 207","PT20_MN2 - 113","ST_MN2 - 248"
"මධුර සූත්‍රය","සුත්ත පිටකය","මජ්ඣිමනිකාය 02","මජ්ඣිමපණ්ණාසකය 4.රාජ වර්‍ගය","SP_MN2 - 467","""PDF"" SP_MN2 - 482","PA10_MN2 - 166","SA_MN3 - 216","""PDF"" SA_MN3 - 216","PT20_MN2 - 116","ST_MN2 - 256"
"බෝධිරාජකුමාර සූත්‍රය","සුත්ත පිටකය","මජ්ඣිමනිකාය 02","මජ්ඣිමපණ්ණාසකය 4.රාජ වර්‍ගය","SP_MN2 - 481","""PDF"" SP_MN2 - 496","PA10_MN2 - 167","SA_MN3 - 217","""PDF"" SA_MN3 - 217","PT20_MN2 - 117","ST_MN2 - 258"
"අඞ්ගුලිමාල සූත්‍රය","සුත්ත පිටකය","මජ්ඣිමනිකාය 02","මජ්ඣිමපණ්ණාසකය 4.රාජ වර්‍ගය","SP_MN2 - 517","""PDF"" SP_MN2 - 532","PA10_MN2 - 170","SA_MN3 - 221","""PDF"" SA_MN3 - 221","PT20_MN2 - 119","ST_MN2 - 262"
"පියජාතික සූත්‍රය","සුත්ත පිටකය","මජ්ඣිමනිකාය 02","මජ්ඣිමපණ්ණාසකය 4.රාජ වර්‍ගය","SP_MN2 - 531","""PDF"" SP_MN2 - 546","PA10_MN2 - 178","SA_MN3 - 231","""PDF"" SA_MN3 - 231","PT20_MN2 - 123","ST_MN2 - 272"
"බාහිතික සූත්‍රය","සුත්ත පිටකය","මජ්ඣිමනිකාය 02","මජ්ඣිමපණ්ණාසකය 4.රාජ වර්‍ගය","SP_MN2 - 541","""PDF"" SP_MN2 - 556","PA10_MN2 - 179","SA_MN3 - 232","""PDF"" SA_MN3 - 232","PT20_MN2 - 124","ST_MN2 - 274"
"ධම්මචේතිය සූත්‍රය","සුත්ත පිටකය","මජ්ඣිමනිකාය 02","මජ්ඣිමපණ්ණාසකය 4.රාජ වර්‍ගය","SP_MN2 - 551","""PDF"" SP_MN2 - 566","PA10_MN2 - 180","SA_MN3 - 233","""PDF"" SA_MN3 - 233","PT20_MN2 - 125","ST_MN2 - 276"
"කණ්ණකත්ඵල සූත්‍රය","සුත්ත පිටකය","මජ්ඣිමනිකාය 02","මජ්ඣිමපණ්ණාසකය 4.රාජ වර්‍ගය","SP_MN2 - 563","""PDF"" SP_MN2 - 578","PA10_MN2 - 184","SA_MN3 - 238","""PDF"" SA_MN3 - 238","PT20_MN2 - 126","ST_MN2 - 280"
"බ්‍රහ්මායු සූත්‍රය","සුත්ත පිටකය","මජ්ඣිමනිකාය 02","මජ්ඣිමපණ්ණාසකය 5.බ්‍රාහ්මණ වර්‍ගය","SP_MN2 - 577","""PDF"" SP_MN2 - 592","PA10_MN2 - 187","SA_MN3 - 243","""PDF"" SA_MN3 - 243","PT20_MN2 - 128","ST_MN2 - 284"
"සේල සූත්‍රය","සුත්ත පිටකය","මජ්ඣිමනිකාය 02","මජ්ඣිමපණ්ණාසකය 5.බ්‍රාහ්මණ වර්‍ගය","SP_MN2 - 599","""PDF"" SP_MN2 - 614","PA10_MN2 - 205","SA_MN3 - 265","""PDF"" SA_MN3 - 265","PT20_MN2 - 140","ST_MN2 - 312"
"අස්සලායන සූත්‍රය","සුත්ත පිටකය","මජ්ඣිමනිකාය 02","මජ්ඣිමපණ්ණාසකය 5.බ්‍රාහ්මණ වර්‍ගය","SP_MN2 - 611","""PDF"" SP_MN2 - 626","PA10_MN2 - 209","SA_MN3 - 270","""PDF"" SA_MN3 - 270","PT20_MN2 - 143","ST_MN2 - 320"
"ඝෝටමුඛ සූත්‍රය","සුත්ත පිටකය","මජ්ඣිමනිකාය 02","මජ්ඣිමපණ්ණාසකය 5.බ්‍රාහ්මණ වර්‍ගය","SP_MN2 - 629","""PDF"" SP_MN2 - 644","PA10_MN2 - 211","SA_MN3 - 273","""PDF"" SA_MN3 - 273","PT20_MN2 - 145","ST_MN2 - 324"
"චඞ්කී සූත්‍රය","සුත්ත පිටකය","මජ්ඣිමනිකාය 02","මජ්ඣිමපණ්ණාසකය 5.බ්‍රාහ්මණ වර්‍ගය","SP_MN2 - 647","""PDF"" SP_MN2 - 662","PA10_MN2 - 212","SA_MN3 - 274","""PDF"" SA_MN3 - 274","PT20_MN2 - 146","ST_MN2 - 326"
"ඒසුකාරී සූත්‍රය","සුත්ත පිටකය","මජ්ඣිමනිකාය 02","මජ්ඣිමපණ්ණාසකය 5.බ්‍රාහ්මණ වර්‍ගය","SP_MN2 - 669","""PDF"" SP_MN2 - 684","PA10_MN2 - 219","SA_MN3 - 282","""PDF"" SA_MN3 - 282","PT20_MN2 - 151","ST_MN2 - 338"
"ධනඤ්ජානි සූත්‍රය","සුත්ත පිටකය","මජ්ඣිමනිකාය 02","මජ්ඣිමපණ්ණාසකය 5.බ්‍රාහ්මණ වර්‍ගය","SP_MN2 - 681","""PDF"" SP_MN2 - 696","PA10_MN2 - 220","SA_MN3 - 284","""PDF"" SA_MN3 - 284","PT20_MN2 - 152","ST_MN2 - 340"
"වාසෙට්ඨ සූත්‍රය","සුත්ත පිටකය","මජ්ඣිමනිකාය 02","මජ්ඣිමපණ්ණාසකය 5.බ්‍රාහ්මණ වර්‍ගය","SP_MN2 - 701","""PDF"" SP_MN2 - 716","PA10_MN2 - 221","SA_MN3 - 285","""PDF"" SA_MN3 - 285","PT20_MN2 - 152","ST_MN2 - 342"
"සුභ සූත්‍රය","සුත්ත පිටකය","මජ්ඣිමනිකාය 02","මජ්ඣිමපණ්ණාසකය 5.බ්‍රාහ්මණ වර්‍ගය","SP_MN2 - 713","""PDF"" SP_MN2 - 728","PA10_MN2 - 227","SA_MN3 - 292","""PDF"" SA_MN3 - 292","PT20_MN2 - 158","ST_MN2 - 352"
"සඞ්ගාරව සූත්‍රය","සුත්ත පිටකය","මජ්ඣිමනිකාය 02","මජ්ඣිමපණ්ණාසකය 5.බ්‍රාහ්මණ වර්‍ගය","SP_MN2 - 737","""PDF"" SP_MN2 - 752","PA10_MN2 - 231","SA_MN3 - 297","""PDF"" SA_MN3 - 297","PT20_MN2 - 160","ST_MN2 - 358"
"දේවදහ සූත්‍රය","සුත්ත පිටකය","මජ්ඣිමනිකාය 03","උපරිපණ්ණාසකය 1.දේවදහ වර්‍ගය","SP_MN3 - 003","""PDF"" SP_MN3 - 017","PA11_MN3 - 001","SA_MN4 - 001",'-,,"ST_MN3 - 003"
"පඤ්චත්තය සූත්‍රය","සුත්ත පිටකය","මජ්ඣිමනිකාය 03","උපරිපණ්ණාසකය 1.දේවදහ වර්‍ගය","SP_MN3 - 031","""PDF"" SP_MN3 - 045","PA11_MN3 - 007","SA_MN4 - 011",'-,,"ST_MN3 - 015"
"කින්ති සූත්‍රය","සුත්ත පිටකය","මජ්ඣිමනිකාය 03","උපරිපණ්ණාසකය 1.දේවදහ වර්‍ගය","SP_MN3 - 045","""PDF"" SP_MN3 - 059","PA11_MN3 - 014","SA_MN4 - 017",'-,,"ST_MN3 - 047"
"සාමගාම සූත්‍රය","සුත්ත පිටකය","මජ්ඣිමනිකාය 03","උපරිපණ්ණාසකය 1.දේවදහ වර්‍ගය","SP_MN3 - 053","""PDF"" SP_MN3 - 067","PA11_MN3 - 016","SA_MN4 - 019",'-,,"ST_MN3 - 051"
"සුනක්ඛත්ත සූත්‍රය","සුත්ත පිටකය","මජ්ඣිමනිකාය 03","උපරිපණ්ණාසකය 1.දේවදහ වර්‍ගය","SP_MN3 - 067","""PDF"" SP_MN3 - 081","PA11_MN3 - 025","SA_MN4 - 029",'-,,"ST_MN3 - 061"
"ආනෙඤ්ජසප්පාය සූත්‍රය","සුත්ත පිටකය","මජ්ඣිමනිකාය 03","උපරිපණ්ණාසකය 1.දේවදහ වර්‍ගය","SP_MN3 - 083","""PDF"" SP_MN3 - 097","PA11_MN3 - 028","SA_MN4 - 032",'-,,"ST_MN3 - 067"
"ගණකමොග්ගල්ලාන සූත්‍රය","සුත්ත පිටකය","මජ්ඣිමනිකාය 03","උපරිපණ්ණාසකය 1.දේවදහ වර්‍ගය","SP_MN3 - 091","""PDF"" SP_MN3 - 105","PA11_MN3 - 034","SA_MN4 - 039",'-,,"ST_MN3 - 081"
"ගෝපකමොග්ගල්ලාන සූත්‍රය","සුත්ත පිටකය","මජ්ඣිමනිකාය 03","උපරිපණ්ණාසකය 1.දේවදහ වර්‍ගය","SP_MN3 - 101","""PDF"" SP_MN3 - 115","PA11_MN3 - 035","SA_MN4 - 040",'-,,"ST_MN3 - 083"
"මහාපුණ්ණම සූත්‍රය","සුත්ත පිටකය","මජ්ඣිමනිකාය 03","උපරිපණ්ණාසකය 1.දේවදහ වර්‍ගය","SP_MN3 - 117","""PDF"" SP_MN3 - 131","PA11_MN3 - 037","SA_MN4 - 042",'-,,"ST_MN3 - 087"
"චූළපුණ්ණම සූත්‍රය","සුත්ත පිටකය","මජ්ඣිමනිකාය 03","උපරිපණ්ණාසකය 1.දේවදහ වර්‍ගය","SP_MN3 - 127","""PDF"" SP_MN3 - 141","PA11_MN3 - 040","SA_MN4 - 045",'-,,"ST_MN3 - 094"
"අනුපද සූත්‍රය","සුත්ත පිටකය","මජ්ඣිමනිකාය 03","උපරිපණ්ණාසකය 2.අනුපද වර්‍ගය","SP_MN3 - 135","""PDF"" SP_MN3 - 149","PA11_MN3 - 041","SA_MN4 - 047",'-,,"ST_MN3 - 099"
"ඡබ්බිසෝධන සූත්‍රය","සුත්ත පිටකය","මජ්ඣිමනිකාය 03","උපරිපණ්ණාසකය 2.අනුපද වර්‍ගය","SP_MN3 - 143","""PDF"" SP_MN3 - 157","PA11_MN3 - 046","SA_MN4 - 053",'-,,"ST_MN3 - 119"
"සප්පුරිස සූත්‍රය","සුත්ත පිටකය","මජ්ඣිමනිකාය 03","උපරිපණ්ණාසකය 2.අනුපද වර්‍ගය","SP_MN3 - 155","""PDF"" SP_MN3 - 169","PA11_MN3 - 050","SA_MN4 - 058",'-,,"ST_MN3 - 127"
"සේවිතබ්බාසේවිතබ්බ සූත්‍රය","සුත්ත පිටකය","මජ්ඣිමනිකාය 03","උපරිපණ්ණාසකය 2.අනුපද වර්‍ගය","SP_MN3 - 167","""PDF"" SP_MN3 - 181","PA11_MN3 - 051","SA_MN4 - 059",'-,,"ST_MN3 - 129"
"බහුධාතුක සූත්‍රය","සුත්ත පිටකය","මජ්ඣිමනිකාය 03","උපරිපණ්ණාසකය 2.අනුපද වර්‍ගය","SP_MN3 - 195","""PDF"" SP_MN3 - 209","PA11_MN3 - 052","SA_MN4 - 060",'-,,"ST_MN3 - 131"
"ඉසිගිලි සූත්‍රය","සුත්ත පිටකය","මජ්ඣිමනිකාය 03","උපරිපණ්ණාසකය 2.අනුපද වර්‍ගය","SP_MN3 - 207","""PDF"" SP_MN3 - 221","PA11_MN3 - 067","SA_MN4 - 077",'-,,"ST_MN3 - 153"
"මහාචත්තාරීසක සූත්‍රය","සුත්ත පිටකය","මජ්ඣිමනිකාය 03","උපරිපණ්ණාසකය 2.අනුපද වර්‍ගය","SP_MN3 - 213","""PDF"" SP_MN3 - 227","PA11_MN3 - 069","SA_MN4 - 079",'-,,"ST_MN3 - 157"
"ආනාපානසති සූත්‍රය","සුත්ත පිටකය","මජ්ඣිමනිකාය 03","උපරිපණ්ණාසකය 2.අනුපද වර්‍ගය","SP_MN3 - 225","""PDF"" SP_MN3 - 239","PA11_MN3 - 072","SA_MN4 - 084",'-,,"ST_MN3 - 167"
"කායගතාසති සූත්‍රය","සුත්ත පිටකය","මජ්ඣිමනිකාය 03","උපරිපණ්ණාසකය 2.අනුපද වර්‍ගය","SP_MN3 - 239","""PDF"" SP_MN3 - 253","PA11_MN3 - 076","SA_MN4 - 089",'-,,"ST_MN3 - 173"
"සංඛාරුප්පත්ති සූත්‍රය","සුත්ත පිටකය","මජ්ඣිමනිකාය 03","උපරිපණ්ණාසකය 2.අනුපද වර්‍ගය","SP_MN3 - 257","""PDF"" SP_MN3 - 271","PA11_MN3 - 077","SA_MN4 - 090",'-,,"ST_MN3 - 177"
"චූළසුඤ්ඤත සූත්‍රය","සුත්ත පිටකය","මජ්ඣිමනිකාය 03","උපරිපණ්ණාසකය 3.සුඤ්ඤත වර්‍ගය","SP_MN3 - 265","""PDF"" SP_MN3 - 279","PA11_MN3 - 079","SA_MN4 - 093",'-,,"ST_MN3 - 183"
"මහාසුඤ්ඤත සූත්‍රය","සුත්ත පිටකය","මජ්ඣිමනිකාය 03","උපරිපණ්ණාසකය 3.සුඤ්ඤත වර්‍ගය","SP_MN3 - 273","""PDF"" SP_MN3 - 287","PA11_MN3 - 082","SA_MN4 - 096",'-,,"ST_MN3 - 189"
"අච්ඡරියබ්භුත සූත්‍රය","සුත්ත පිටකය","මජ්ඣිමනිකාය 03","උපරිපණ්ණාසකය 3.සුඤ්ඤත වර්‍ගය","SP_MN3 - 287","""PDF"" SP_MN3 - 301","PA11_MN3 - 089","SA_MN4 - 104",'-,,"ST_MN3 - 199"
"බක්කුල සූත්‍රය","සුත්ත පිටකය","මජ්ඣිමනිකාය 03","උපරිපණ්ණාසකය 3.සුඤ්ඤත වර්‍ගය","SP_MN3 - 297","""PDF"" SP_MN3 - 311","PA11_MN3 - 101","SA_MN4 - 117",'-,,"ST_MN3 - 221"
"දන්තභූමි සූත්‍රය","සුත්ත පිටකය","මජ්ඣිමනිකාය 03","උපරිපණ්ණාසකය 3.සුඤ්ඤත වර්‍ගය","SP_MN3 - 305","""PDF"" SP_MN3 - 319","PA11_MN3 - 104","SA_MN4 - 121",'-,,"ST_MN3 - 225"
"භූමිජ සූත්‍රය","සුත්ත පිටකය","මජ්ඣිමනිකාය 03","උපරිපණ්ණාසකය 3.සුඤ්ඤත වර්‍ගය","SP_MN3 - 321","""PDF"" SP_MN3 - 335","PA11_MN3 - 106","SA_MN4 - 123",'-,,"ST_MN3 - 227"
"අනුරුද්ධ සූත්‍රය","සුත්ත පිටකය","මජ්ඣිමනිකාය 03","උපරිපණ්ණාසකය 3.සුඤ්ඤත වර්‍ගය","SP_MN3 - 333","""PDF"" SP_MN3 - 347","PA11_MN3 - 106","SA_MN4 - 123",'-,,"ST_MN3 - 229"
"උපක්කිලේස සූත්‍රය","සුත්ත පිටකය","මජ්ඣිමනිකාය 03","උපරිපණ්ණාසකය 3.සුඤ්ඤත වර්‍ගය","SP_MN3 - 345","""PDF"" SP_MN3 - 359","PA11_MN3 - 108","SA_MN4 - 125",'-,,"ST_MN3 - 233"
"බාලපණ්ඩිත සූත්‍රය","සුත්ත පිටකය","මජ්ඣිමනිකාය 03","උපරිපණ්ණාසකය 3.සුඤ්ඤත වර්‍ගය","SP_MN3 - 361","""PDF"" SP_MN3 - 375","PA11_MN3 - 112","SA_MN4 - 129",'-,,"ST_MN3 - 239"
"දේවදූත සූත්‍රය","සුත්ත පිටකය","මජ්ඣිමනිකාය 03","උපරිපණ්ණාසකය 3.සුඤ්ඤත වර්‍ගය","SP_MN3 - 385","""PDF"" SP_MN3 - 399","PA11_MN3 - 123","SA_MN4 - 139",'-,,"ST_MN3 - 249"
"භද්දේකරත්ත සූත්‍රය","සුත්ත පිටකය","මජ්ඣිමනිකාය 03","උපරිපණ්ණාසකය 4.විභඞ්ග වර්‍ගය","SP_MN3 - 399","""PDF"" SP_MN3 - 413","PA11_MN3 - 128","SA_MN4 - 145",'-,,"ST_MN3 - 259"
"ආනන්‍ද භද්දේකරත්ත සූත්‍රය","සුත්ත පිටකය","මජ්ඣිමනිකාය 03","උපරිපණ්ණාසකය 4.විභඞ්ග වර්‍ගය","SP_MN3 - 405","""PDF"" SP_MN3 - 419","PA11_MN3 - 129","SA_MN4 - 147",'-,,"ST_MN3 - 265"
"මහාකච්චාන භද්දේකරත්ත සූත්‍රය","සුත්ත පිටකය","මජ්ඣිමනිකාය 03","උපරිපණ්ණාසකය 4.විභඞ්ග වර්‍ගය","SP_MN3 - 411","""PDF"" SP_MN3 - 425","PA11_MN3 - 130","SA_MN4 - 147",'-,,"ST_MN3 - 267"
"ලෝමසකඞ්ගිය භද්දේකරත්ත සූත්‍රය","සුත්ත පිටකය","මජ්ඣිමනිකාය 03","උපරිපණ්ණාසකය 4.විභඞ්ග වර්‍ගය","SP_MN3 - 425","""PDF"" SP_MN3 - 439","PA11_MN3 - 131","SA_MN4 - 149",'-,,"ST_MN3 - 269"
"චූළකම්මවිභඞ්ග සූත්‍රය","සුත්ත පිටකය","මජ්ඣිමනිකාය 03","උපරිපණ්ණාසකය 4.විභඞ්ග වර්‍ගය","SP_MN3 - 433","""PDF"" SP_MN3 - 447","PA11_MN3 - 132","SA_MN4 - 150",'-,,"ST_MN3 - 271"
"මහාකම්මවිභඞ්ග සූත්‍රය","සුත්ත පිටකය","මජ්ඣිමනිකාය 03","උපරිපණ්ණාසකය 4.විභඞ්ග වර්‍ගය","SP_MN3 - 445","""PDF"" SP_MN3 - 459","PA11_MN3 - 136","SA_MN4 - 155",'-,,"ST_MN3 - 181"
"සළායතනවිභඞ්ග සූත්‍රය","සුත්ත පිටකය","මජ්ඣිමනිකාය 03","උපරිපණ්ණාසකය 4.විභඞ්ග වර්‍ගය","SP_MN3 - 459","""PDF"" SP_MN3 - 473","PA11_MN3 - 139","SA_MN4 - 158",'-,,"ST_MN3 - 289"
"උද්දේසවිභඞ්ග සූත්‍රය","සුත්ත පිටකය","මජ්ඣිමනිකාය 03","උපරිපණ්ණාසකය 4.විභඞ්ග වර්‍ගය","SP_MN3 - 471","""PDF"" SP_MN3 - 485","PA11_MN3 - 143","SA_MN4 - 163",'-,,"ST_MN3 - 301"
"අරණවිභඞ්ග සූත්‍රය","සුත්ත පිටකය","මජ්ඣිමනිකාය 03","උපරිපණ්ණාසකය 4.විභඞ්ග වර්‍ගය","SP_MN3 - 485","""PDF"" SP_MN3 - 499","PA11_MN3 - 144","SA_MN4 - 164",'-,,"ST_MN3 - 305"
"ධාතුවිභඞ්ග සූත්‍රය","සුත්ත පිටකය","මජ්ඣිමනිකාය 03","උපරිපණ්ණාසකය 4.විභඞ්ග වර්‍ගය","SP_MN3 - 497","""PDF"" SP_MN3 - 511","PA11_MN3 - 146","SA_MN4 - 166",'-,,"ST_MN3 - 308"
"සච්චවිභඞ්ග සූත්‍රය","සුත්ත පිටකය","මජ්ඣිමනිකාය 03","උපරිපණ්ණාසකය 4.විභඞ්ග වර්‍ගය","SP_MN3 - 513","""PDF"" SP_MN3 - 527","PA11_MN3 - 164","SA_MN4 - 185",'-,,"ST_MN3 - 328"
"දක්ඛිණාවිභඞ්ග සූත්‍රය","සුත්ත පිටකය","මජ්ඣිමනිකාය 03","උපරිපණ්ණාසකය 4.විභඞ්ග වර්‍ගය","SP_MN3 - 521","""PDF"" SP_MN3 - 535","PA11_MN3 - 165","SA_MN4 - 186",'-,,"ST_MN3 - 332"
"අනාථපිණ්ඩිකොවාද සූත්‍රය","සුත්ත පිටකය","මජ්ඣිමනිකාය 03","උපරිපණ්ණාසකය 5.සළායතන වර්‍ගය","SP_MN3 - 529","""PDF"" SP_MN3 - 543","PA11_MN3 - 172","SA_MN4 - 194",'-,,"ST_MN3 - 348"
"ඡන්නෝවාද සූත්‍රය","සුත්ත පිටකය","මජ්ඣිමනිකාය 03","උපරිපණ්ණාසකය 5.සළායතන වර්‍ගය","SP_MN3 - 539","""PDF"" SP_MN3 - 553","PA11_MN3 - 174","SA_MN4 - 196",'-,,"ST_MN3 - 354"
"පුණ්ණෝවාද සූත්‍රය","සුත්ත පිටකය","මජ්ඣිමනිකාය 03","උපරිපණ්ණාසකය 5.සළායතන වර්‍ගය","SP_MN3 - 547","""PDF"" SP_MN3 - 561","PA11_MN3 - 175","SA_MN4 - 198",'-,,"ST_MN3 - 358"
"නන්‍දකොවාද සූත්‍රය","සුත්ත පිටකය","මජ්ඣිමනිකාය 03","උපරිපණ්ණාසකය 5.සළායතන වර්‍ගය","SP_MN3 - 553","""PDF"" SP_MN3 - 567","PA11_MN3 - 180","SA_MN4 - 203",'-,,"ST_MN3 - 362"
"චූළරාහුලෝවාද සූත්‍රය","සුත්ත පිටකය","මජ්ඣිමනිකාය 03","උපරිපණ්ණාසකය 5.සළායතන වර්‍ගය","SP_MN3 - 575","""PDF"" SP_MN3 - 589","PA11_MN3 - 183","SA_MN4 - 206",'-,,"ST_MN3 - 366"
"ඡ ඡක්ක සූත්‍රය","සුත්ත පිටකය","මජ්ඣිමනිකාය 03","උපරිපණ්ණාසකය 5.සළායතන වර්‍ගය","SP_MN3 - 583","""PDF"" SP_MN3 - 597","PA11_MN3 - 184","SA_MN4 - 208",'-,,"ST_MN3 - 370"
"මහාසළායතනික සූත්‍රය","සුත්ත පිටකය","මජ්ඣිමනිකාය 03","උපරිපණ්ණාසකය 5.සළායතන වර්‍ගය","SP_MN3 - 595","""PDF"" SP_MN3 - 609","PA11_MN3 - 186","SA_MN4 - 210",'-,,"ST_MN3 - 376"
"නගරවින්‍දෙය්‍ය සූත්‍රය","සුත්ත පිටකය","මජ්ඣිමනිකාය 03","උපරිපණ්ණාසකය 5.සළායතන වර්‍ගය","SP_MN3 - 603","""PDF"" SP_MN3 - 617","PA11_MN3 - 187","SA_MN4 - 211",'-,,"ST_MN3 - 380"
"පිණ්ඩපාතපාරිසුද්ධි සූත්‍රය","සුත්ත පිටකය","මජ්ඣිමනිකාය 03","උපරිපණ්ණාසකය 5.සළායතන වර්‍ගය","SP_MN3 - 609","""PDF"" SP_MN3 - 623","PA11_MN3 - 187","SA_MN4 - 212",'-,,"ST_MN3 - 384"
"ඉන්‍ද්‍රියභාවනා සූත්‍රය","සුත්ත පිටකය","මජ්ඣිමනිකාය 03","උපරිපණ්ණාසකය 5.සළායතන වර්‍ගය","SP_MN3 - 617","""PDF"" SP_MN3 - 631","PA11_MN3 - 188","SA_MN4 - 213",'-,,"ST_MN3 - 388"
"ඕඝතරණ සූත්‍රය","සුත්ත පිටකය","සංයුත්ත නිකාය 01","සගාථ වර්‍ගය 1.දේවතා සංයුත්තය 1.නළ වර්‍ගය","SP_SN1 - 003","""PDF"" SP_SN1 - 027",,,,,
"නිමොක්ඛ සූත්‍රය","සුත්ත පිටකය","සංයුත්ත නිකාය 01","සගාථ වර්‍ගය 1.දේවතා සංයුත්තය 1.නළ වර්‍ගය","SP_SN1 - 005","""PDF"" SP_SN1 - 029",,,,,
"උපනීයති සූත්‍රය","සුත්ත පිටකය","සංයුත්ත නිකාය 01","සගාථ වර්‍ගය 1.දේවතා සංයුත්තය 1.නළ වර්‍ගය","SP_SN1 - 005","""PDF"" SP_SN1 - 029",,,,,
"අච්චෙන්ති සූත්‍රය","සුත්ත පිටකය","සංයුත්ත නිකාය 01","සගාථ වර්‍ගය 1.දේවතා සංයුත්තය 1.නළ වර්‍ගය","SP_SN1 - 007","""PDF"" SP_SN1 - 031",,,,,
"කතිජින්‍ද සූත්‍රය","සුත්ත පිටකය","සංයුත්ත නිකාය 01","සගාථ වර්‍ගය 1.දේවතා සංයුත්තය 1.නළ වර්‍ගය","SP_SN1 - 007","""PDF"" SP_SN1 - 031",,,,,
"ජාගර සූත්‍රය","සුත්ත පිටකය","සංයුත්ත නිකාය 01","සගාථ වර්‍ගය 1.දේවතා සංයුත්තය 1.නළ වර්‍ගය","SP_SN1 - 007","""PDF"" SP_SN1 - 031",,,,,
"අප්පටිවිදිත සූත්‍රය","සුත්ත පිටකය","සංයුත්ත නිකාය 01","සගාථ වර්‍ගය 1.දේවතා සංයුත්තය 1.නළ වර්‍ගය","SP_SN1 - 009","""PDF"" SP_SN1 - 033",,,,,
"සුසම්මුට්ඨ සූත්‍රය","සුත්ත පිටකය","සංයුත්ත නිකාය 01","සගාථ වර්‍ගය 1.දේවතා සංයුත්තය 1.නළ වර්‍ගය","SP_SN1 - 009","""PDF"" SP_SN1 - 033",,,,,
"නමානකාම සූත්‍රය","සුත්ත පිටකය","සංයුත්ත නිකාය 01","සගාථ වර්‍ගය 1.දේවතා සංයුත්තය 1.නළ වර්‍ගය","SP_SN1 - 009","""PDF"" SP_SN1 - 033",,,,,
"අරඤ්ඤ සූත්‍රය","සුත්ත පිටකය","සංයුත්ත නිකාය 01","සගාථ වර්‍ගය 1.දේවතා සංයුත්තය 1.නළ වර්‍ගය","SP_SN1 - 011","""PDF"" SP_SN1 - 035",,,,,
"නන්‍දන සූත්‍රය","සුත්ත පිටකය","සංයුත්ත නිකාය 01","සගාථ වර්‍ගය 1.දේවතා සංයුත්තය 2.නන්‍දන වර්‍ගය","SP_SN1 - 011","""PDF"" SP_SN1 - 035",,,,,
"නන්‍දති සූත්‍රය","සුත්ත පිටකය","සංයුත්ත නිකාය 01","සගාථ වර්‍ගය 1.දේවතා සංයුත්තය 2.නන්‍දන වර්‍ගය","SP_SN1 - 013","""PDF"" SP_SN1 - 037",,,,,
"නත්‍ථිපුත්තසම සූත්‍රය","සුත්ත පිටකය","සංයුත්ත නිකාය 01","සගාථ වර්‍ගය 1.දේවතා සංයුත්තය 2.නන්‍දන වර්‍ගය","SP_SN1 - 013","""PDF"" SP_SN1 - 037",,,,,
"ඛත්තිය සූත්‍රය","සුත්ත පිටකය","සංයුත්ත නිකාය 01","සගාථ වර්‍ගය 1.දේවතා සංයුත්තය 2.නන්‍දන වර්‍ගය","SP_SN1 - 013","""PDF"" SP_SN1 - 037",,,,,
"සනමාන සූත්‍රය","සුත්ත පිටකය","සංයුත්ත නිකාය 01","සගාථ වර්‍ගය 1.දේවතා සංයුත්තය 2.නන්‍දන වර්‍ගය","SP_SN1 - 015","""PDF"" SP_SN1 - 039",,,,,
"නිද්දාතන්‍දී සූත්‍රය","සුත්ත පිටකය","සංයුත්ත නිකාය 01","සගාථ වර්‍ගය 1.දේවතා සංයුත්තය 2.නන්‍දන වර්‍ගය","SP_SN1 - 015","""PDF"" SP_SN1 - 039",,,,,
"දුක්කර සූත්‍රය","සුත්ත පිටකය","සංයුත්ත නිකාය 01","සගාථ වර්‍ගය 1.දේවතා සංයුත්තය 2.නන්‍දන වර්‍ගය","SP_SN1 - 015","""PDF"" SP_SN1 - 039",,,,,
"හිරි සූත්‍රය","සුත්ත පිටකය","සංයුත්ත නිකාය 01","සගාථ වර්‍ගය 1.දේවතා සංයුත්තය 2.නන්‍දන වර්‍ගය","SP_SN1 - 017","""PDF"" SP_SN1 - 041",,,,,
"කුටිකා සූත්‍රය","සුත්ත පිටකය","සංයුත්ත නිකාය 01","සගාථ වර්‍ගය 1.දේවතා සංයුත්තය 2.නන්‍දන වර්‍ගය","SP_SN1 - 017","""PDF"" SP_SN1 - 041",,,,,
"සමිද්ධි සූත්‍රය","සුත්ත පිටකය","සංයුත්ත නිකාය 01","සගාථ වර්‍ගය 1.දේවතා සංයුත්තය 2.නන්‍දන වර්‍ගය","SP_SN1 - 019","""PDF"" SP_SN1 - 043",,,,,
"සත්තී සූත්‍රය","සුත්ත පිටකය","සංයුත්ත නිකාය 01","සගාථ වර්‍ගය 1.දේවතා සංයුත්තය 3.සත්ති වර්‍ගය","SP_SN1 - 015","""PDF"" SP_SN1 - 049",,,,,
"ඵුසති සූත්‍රය","සුත්ත පිටකය","සංයුත්ත නිකාය 01","සගාථ වර්‍ගය 1.දේවතා සංයුත්තය 3.සත්ති වර්‍ගය","SP_SN1 - 025","""PDF"" SP_SN1 - 049",,,,,
"ජටා සූත්‍රය","සුත්ත පිටකය","සංයුත්ත නිකාය 01","සගාථ වර්‍ගය 1.දේවතා සංයුත්තය 3.සත්ති වර්‍ගය","SP_SN1 - 027","""PDF"" SP_SN1 - 051",,,,,
"මනෝනිවාරණ සූත්‍රය","සුත්ත පිටකය","සංයුත්ත නිකාය 01","සගාථ වර්‍ගය 1.දේවතා සංයුත්තය 3.සත්ති වර්‍ගය","SP_SN1 - 027","""PDF"" SP_SN1 - 051",,,,,
"අරහන්ත සූත්‍රය","සුත්ත පිටකය","සංයුත්ත නිකාය 01","සගාථ වර්‍ගය 1.දේවතා සංයුත්තය 3.සත්ති වර්‍ගය","SP_SN1 - 027","""PDF"" SP_SN1 - 051",,,,,
"පජ්ජෝත සූත්‍රය","සුත්ත පිටකය","සංයුත්ත නිකාය 01","සගාථ වර්‍ගය 1.දේවතා සංයුත්තය 3.සත්ති වර්‍ගය","SP_SN1 - 029","""PDF"" SP_SN1 - 053",,,,,
"සර සූත්‍රය","සුත්ත පිටකය","සංයුත්ත නිකාය 01","සගාථ වර්‍ගය 1.දේවතා සංයුත්තය 3.සත්ති වර්‍ගය","SP_SN1 - 031","""PDF"" SP_SN1 - 055",,,,,
"මහද්ධන සූත්‍රය","සුත්ත පිටකය","සංයුත්ත නිකාය 01","සගාථ වර්‍ගය 1.දේවතා සංයුත්තය 3.සත්ති වර්‍ගය","SP_SN1 - 031","""PDF"" SP_SN1 - 055",,,,,
"චතුචක්ක සූත්‍රය","සුත්ත පිටකය","සංයුත්ත නිකාය 01","සගාථ වර්‍ගය 1.දේවතා සංයුත්තය 3.සත්ති වර්‍ගය","SP_SN1 - 031","""PDF"" SP_SN1 - 056",,,,,
"එණිජඞ්ඝ සූත්‍රය","සුත්ත පිටකය","සංයුත්ත නිකාය 01","සගාථ වර්‍ගය 1.දේවතා සංයුත්තය 3.සත්ති වර්‍ගය","SP_SN1 - 033","""PDF"" SP_SN1 - 057",,,,,
"සබ්භි සූත්‍රය","සුත්ත පිටකය","සංයුත්ත නිකාය 01","සගාථ වර්‍ගය 1.දේවතා සංයුත්තය 4.සතුල්ලපකායික වර්‍ගය","SP_SN1 - 033","""PDF"" SP_SN1 - 057",,,,,
"මච්ඡරී සූත්‍රය","සුත්ත පිටකය","සංයුත්ත නිකාය 01","සගාථ වර්‍ගය 1.දේවතා සංයුත්තය 4.සතුල්ලපකායික වර්‍ගය","SP_SN1 - 037","""PDF"" SP_SN1 - 061",,,,,
"සාධු සූත්‍රය","සුත්ත පිටකය","සංයුත්ත නිකාය 01","සගාථ වර්‍ගය 1.දේවතා සංයුත්තය 4.සතුල්ලපකායික වර්‍ගය","SP_SN1 - 039","""PDF"" SP_SN1 - 063",,,,,
"නසාන්ති සූත්‍රය","සුත්ත පිටකය","සංයුත්ත නිකාය 01","සගාථ වර්‍ගය 1.දේවතා සංයුත්තය 4.සතුල්ලපකායික වර්‍ගය","SP_SN1 - 041","""PDF"" SP_SN1 - 065",,,,,
"උජ්ඣානසඤඤී සූත්‍රය.","සුත්ත පිටකය","සංයුත්ත නිකාය 01","සගාථ වර්‍ගය 1.දේවතා සංයුත්තය 4.සතුල්ලපකායික වර්‍ගය","SP_SN1 - 043","""PDF"" SP_SN1 - 067",,,,,
"සද්ධා සූත්‍රය.","සුත්ත පිටකය","සංයුත්ත නිකාය 01","සගාථ වර්‍ගය 1.දේවතා සංයුත්තය 4.සතුල්ලපකායික වර්‍ගය","SP_SN1 - 047","""PDF"" SP_SN1 - 071",,,,,
"සමය සූත්‍රය.","සුත්ත පිටකය","සංයුත්ත නිකාය 01","සගාථ වර්‍ගය 1.දේවතා සංයුත්තය 4.සතුල්ලපකායික වර්‍ගය","SP_SN1 - 047","""PDF"" SP_SN1 - 071",,,,,
"සකලික සූත්‍රය.","සුත්ත පිටකය","සංයුත්ත නිකාය 01","සගාථ වර්‍ගය 1.දේවතා සංයුත්තය 4.සතුල්ලපකායික වර්‍ගය","SP_SN1 - 049","""PDF"" SP_SN1 - 073",,,,,
"පජඡුන්නධීතු සූත්‍රය.","සුත්ත පිටකය","සංයුත්ත නිකාය 01","සගාථ වර්‍ගය 1.දේවතා සංයුත්තය 4.සතුල්ලපකායික වර්‍ගය","SP_SN1 - 053","""PDF"" SP_SN1 - 077",,,,,
"චුල්ලපජජුන්තධිතු සූත්‍රය.","සුත්ත පිටකය","සංයුත්ත නිකාය 01","සගාථ වර්‍ගය 1.දේවතා සංයුත්තය 4.සතුල්ලපකායික වර්‍ගය","SP_SN1 - 055","""PDF"" SP_SN1 - 079",,,,,
"ආදිත්ත සූත්‍රය","සුත්ත පිටකය","සංයුත්ත නිකාය 01","සගාථ වර්‍ගය 1.දේවතා සංයුත්තය 5.ආදිත්ත වර්‍ගය","SP_SN1 - 057","""PDF"" SP_SN1 - 081",,,,,
"කිංදද සූත්‍රය","සුත්ත පිටකය","සංයුත්ත නිකාය 01","සගාථ වර්‍ගය 1.දේවතා සංයුත්තය 5.ආදිත්ත වර්‍ගය","SP_SN1 - 057","""PDF"" SP_SN1 - 081",,,,,
"අන්න සූත්‍රය","සුත්ත පිටකය","සංයුත්ත නිකාය 01","සගාථ වර්‍ගය 1.දේවතා සංයුත්තය 5.ආදිත්ත වර්‍ගය","SP_SN1 - 059","""PDF"" SP_SN1 - 083",,,,,
"ඒකමූල සූත්‍රය.","සුත්ත පිටකය","සංයුත්ත නිකාය 01","සගාථ වර්‍ගය 1.දේවතා සංයුත්තය 5.ආදිත්ත වර්‍ගය","SP_SN1 - 059","""PDF"" SP_SN1 - 083",,,,,
"අනෝම සූත්‍රය","සුත්ත පිටකය","සංයුත්ත නිකාය 01","සගාථ වර්‍ගය 1.දේවතා සංයුත්තය 5.ආදිත්ත වර්‍ගය","SP_SN1 - 059","""PDF"" SP_SN1 - 083",,,,,
"අච්ඡරා සූත්‍රය.","සුත්ත පිටකය","සංයුත්ත නිකාය 01","සගාථ වර්‍ගය 1.දේවතා සංයුත්තය 5.ආදිත්ත වර්‍ගය","SP_SN1 - 059","""PDF"" SP_SN1 - 083",,,,,
"වනරෝප සූත්‍රය","සුත්ත පිටකය","සංයුත්ත නිකාය 01","සගාථ වර්‍ගය 1.දේවතා සංයුත්තය 5.ආදිත්ත වර්‍ගය","SP_SN1 - 061","""PDF"" SP_SN1 - 085",,,,,
"ජේතවන සූත්‍රය","සුත්ත පිටකය","සංයුත්ත නිකාය 01","සගාථ වර්‍ගය 1.දේවතා සංයුත්තය 5.ආදිත්ත වර්‍ගය","SP_SN1 - 061","""PDF"" SP_SN1 - 085",,,,,
"මච්ඡරි සූත්‍රය.","සුත්ත පිටකය","සංයුත්ත නිකාය 01","සගාථ වර්‍ගය 1.දේවතා සංයුත්තය 5.ආදිත්ත වර්‍ගය","SP_SN1 - 061","""PDF"" SP_SN1 - 085",,,,,
"ඝටීකාර සූත්‍රය","සුත්ත පිටකය","සංයුත්ත නිකාය 01","සගාථ වර්‍ගය 1.දේවතා සංයුත්තය 5.ආදිත්ත වර්‍ගය","SP_SN1 - 063","""PDF"" SP_SN1 - 087",,,,,
"ජරා සූත්‍රය","සුත්ත පිටකය","සංයුත්ත නිකාය 01","සගාථ වර්‍ගය 1.දේවතා සංයුත්තය 6.ජරා වර්‍ගය","SP_SN1 - 067","""PDF"" SP_SN1 - 091",,,,,
"අජරසා සූත්‍රය","සුත්ත පිටකය","සංයුත්ත නිකාය 01","සගාථ වර්‍ගය 1.දේවතා සංයුත්තය 6.ජරා වර්‍ගය","SP_SN1 - 067","""PDF"" SP_SN1 - 091",,,,,
"මිත්ත සූත්‍රය.","සුත්ත පිටකය","සංයුත්ත නිකාය 01","සගාථ වර්‍ගය 1.දේවතා සංයුත්තය 6.ජරා වර්‍ගය","SP_SN1 - 067","""PDF"" SP_SN1 - 091",,,,,
"වත්‍ථු සූත්‍රය","සුත්ත පිටකය","සංයුත්ත නිකාය 01","සගාථ වර්‍ගය 1.දේවතා සංයුත්තය 6.ජරා වර්‍ගය","SP_SN1 - 067","""PDF"" SP_SN1 - 091",,,,,
"පඨමජනෙති සූත්‍රය","සුත්ත පිටකය","සංයුත්ත නිකාය 01","සගාථ වර්‍ගය 1.දේවතා සංයුත්තය 6.ජරා වර්‍ගය","SP_SN1 - 069","""PDF"" SP_SN1 - 093",,,,,
"දුතියජනෙති සූත්‍රය","සුත්ත පිටකය","සංයුත්ත නිකාය 01","සගාථ වර්‍ගය 1.දේවතා සංයුත්තය 6.ජරා වර්‍ගය","SP_SN1 - 069","""PDF"" SP_SN1 - 093",,,,,
"තතිය ජනෙති සූත්‍රය.","සුත්ත පිටකය","සංයුත්ත නිකාය 01","සගාථ වර්‍ගය 1.දේවතා සංයුත්තය 6.ජරා වර්‍ගය","SP_SN1 - 069","""PDF"" SP_SN1 - 093",,,,,
"උප්පථ සූත්‍රය.","සුත්ත පිටකය","සංයුත්ත නිකාය 01","සගාථ වර්‍ගය 1.දේවතා සංයුත්තය 6.ජරා වර්‍ගය","SP_SN1 - 071","""PDF"" SP_SN1 - 095",,,,,
"දුතියා සූත්‍රය","සුත්ත පිටකය","සංයුත්ත නිකාය 01","සගාථ වර්‍ගය 1.දේවතා සංයුත්තය 6.ජරා වර්‍ගය","SP_SN1 - 071","""PDF"" SP_SN1 - 095",,,,,
"කවි සූත්‍රය","සුත්ත පිටකය","සංයුත්ත නිකාය 01","සගාථ වර්‍ගය 1.දේවතා සංයුත්තය 6.ජරා වර්‍ගය","SP_SN1 - 071","""PDF"" SP_SN1 - 095",,,,,
"නාම [අන්‍වභවි] සූත්‍රය.","සුත්ත පිටකය","සංයුත්ත නිකාය 01","සගාථ වර්‍ගය 1.දේවතා සංයුත්තය 7.අන්‍ව වර්‍ගය","SP_SN1 - 073","""PDF"" SP_SN1 - 097",,,,,
"චිත්ත සූත්‍රය","සුත්ත පිටකය","සංයුත්ත නිකාය 01","සගාථ වර්‍ගය 1.දේවතා සංයුත්තය 7.අන්‍ව වර්‍ගය","SP_SN1 - 073","""PDF"" SP_SN1 - 097",,,,,
"තණ්හා සූත්‍රය","සුත්ත පිටකය","සංයුත්ත නිකාය 01","සගාථ වර්‍ගය 1.දේවතා සංයුත්තය 7.අන්‍ව වර්‍ගය","SP_SN1 - 073","""PDF"" SP_SN1 - 097",,,,,
"සංයෝජන සූත්‍රය","සුත්ත පිටකය","සංයුත්ත නිකාය 01","සගාථ වර්‍ගය 1.දේවතා සංයුත්තය 7.අන්‍ව වර්‍ගය","SP_SN1 - 073","""PDF"" SP_SN1 - 097",,,,,
"බන්‍ධන සූත්‍රය","සුත්ත පිටකය","සංයුත්ත නිකාය 01","සගාථ වර්‍ගය 1.දේවතා සංයුත්තය 7.අන්‍ව වර්‍ගය","SP_SN1 - 075","""PDF"" SP_SN1 - 099",,,,,
"අබ්හාහත සූත්‍රය","සුත්ත පිටකය","සංයුත්ත නිකාය 01","සගාථ වර්‍ගය 1.දේවතා සංයුත්තය 7.අන්‍ව වර්‍ගය","SP_SN1 - 075","""PDF"" SP_SN1 - 099",,,,,
"උඩ්ඩිත සූත්‍රය.","සුත්ත පිටකය","සංයුත්ත නිකාය 01","සගාථ වර්‍ගය 1.දේවතා සංයුත්තය 7.අන්‍ව වර්‍ගය","SP_SN1 - 075","""PDF"" SP_SN1 - 099",,,,,
"පිහිත සූත්‍රය.","සුත්ත පිටකය","සංයුත්ත නිකාය 01","සගාථ වර්‍ගය 1.දේවතා සංයුත්තය 7.අන්‍ව වර්‍ගය","SP_SN1 - 075","""PDF"" SP_SN1 - 099",,,,,
"ඉච්ඡා සූත්‍රය","සුත්ත පිටකය","සංයුත්ත නිකාය 01","සගාථ වර්‍ගය 1.දේවතා සංයුත්තය 7.අන්‍ව වර්‍ගය","SP_SN1 - 077","""PDF"" SP_SN1 - 101",,,,,
"ලෝක සූත්‍රය","සුත්ත පිටකය","සංයුත්ත නිකාය 01","සගාථ වර්‍ගය 1.දේවතා සංයුත්තය 7.අන්‍ව වර්‍ගය","SP_SN1 - 077","""PDF"" SP_SN1 - 101",,,,,
"ඣත්‍වා සූත්‍රය","සුත්ත පිටකය","සංයුත්ත නිකාය 01","සගාථ වර්‍ගය 1.දේවතා සංයුත්තය 8.ඣත්‍වා වර්‍ගය","SP_SN1 - 077","""PDF"" SP_SN1 - 101",,,,,
"රථ සූත්‍රය.","සුත්ත පිටකය","සංයුත්ත නිකාය 01","සගාථ වර්‍ගය 1.දේවතා සංයුත්තය 8.ඣත්‍වා වර්‍ගය","SP_SN1 - 079","""PDF"" SP_SN1 - 103",,,,,
"විත්ත සූත්‍රය.","සුත්ත පිටකය","සංයුත්ත නිකාය 01","සගාථ වර්‍ගය 1.දේවතා සංයුත්තය 8.ඣත්‍වා වර්‍ගය","SP_SN1 - 079","""PDF"" SP_SN1 - 103",,,,,
"වුට්ඨි සූත්‍රය","සුත්ත පිටකය","සංයුත්ත නිකාය 01","සගාථ වර්‍ගය 1.දේවතා සංයුත්තය 8.ඣත්‍වා වර්‍ගය","SP_SN1 - 079","""PDF"" SP_SN1 - 103",,,,,
"භීත සූත්‍රය.","සුත්ත පිටකය","සංයුත්ත නිකාය 01","සගාථ වර්‍ගය 1.දේවතා සංයුත්තය 8.ඣත්‍වා වර්‍ගය","SP_SN1 - 081","""PDF"" SP_SN1 - 105",,,,,
"නජීරතී සූත්‍රය","සුත්ත පිටකය","සංයුත්ත නිකාය 01","සගාථ වර්‍ගය 1.දේවතා සංයුත්තය 8.ඣත්‍වා වර්‍ගය","SP_SN1 - 081","""PDF"" SP_SN1 - 105",,,,,
"ඉස්සර සූත්‍රය.","සුත්ත පිටකය","සංයුත්ත නිකාය 01","සගාථ වර්‍ගය 1.දේවතා සංයුත්තය 8.ඣත්‍වා වර්‍ගය","SP_SN1 - 081","""PDF"" SP_SN1 - 105",,,,,
"කාම සූත්‍රය.","සුත්ත පිටකය","සංයුත්ත නිකාය 01","සගාථ වර්‍ගය 1.දේවතා සංයුත්තය 8.ඣත්‍වා වර්‍ගය","SP_SN1 - 083","""PDF"" SP_SN1 - 107",,,,,
"පාථෙය්‍ය සූත්‍රය.","සුත්ත පිටකය","සංයුත්ත නිකාය 01","සගාථ වර්‍ගය 1.දේවතා සංයුත්තය 8.ඣත්‍වා වර්‍ගය","SP_SN1 - 083","""PDF"" SP_SN1 - 107",,,,,
"පජ්ජෝත සූත්‍රය.","සුත්ත පිටකය","සංයුත්ත නිකාය 01","සගාථ වර්‍ගය 1.දේවතා සංයුත්තය 8.ඣත්‍වා වර්‍ගය","SP_SN1 - 083","""PDF"" SP_SN1 - 107",,,,,
"අරණ සූත්‍රය.","සුත්ත පිටකය","සංයුත්ත නිකාය 01","සගාථ වර්‍ගය 1.දේවතා සංයුත්තය 8.ඣත්‍වා වර්‍ගය","SP_SN1 - 085","""PDF"" SP_SN1 - 109",,,,,
"පඨමකස්සප සූත්‍රය","සුත්ත පිටකය","සංයුත්ත නිකාය 01","සගාථ වර්‍ගය 2.දේවපුත්ත සංයුත්තය 1.සුරිය වර්‍ගය","SP_SN1 - 087","""PDF"" SP_SN1 - 111",,,,,
